{
  "epochs_trained": 6,
  "best_val_loss": 0.7163390426635742,
  "mean_rmse": {
    "model": 0.5231172442436218
  },
  "rmse_per_step": {
    "day_1": 0.3619694411754608,
    "day_2": 0.47003424167633057,
    "day_3": 0.52543044090271,
    "day_4": 0.554053783416748,
    "day_5": 0.572199821472168,
    "day_6": 0.5844446420669556,
    "day_7": 0.5936886072158813
  }
}