{
  "epochs_trained": 9,
  "best_val_loss": 0.7351151976585388,
  "mean_rmse": {
    "model": 0.587652862071991
  },
  "rmse_per_step": {
    "day_1": 0.5521537065505981,
    "day_2": 0.5676791071891785,
    "day_3": 0.5805399417877197,
    "day_4": 0.5910229086875916,
    "day_5": 0.6000820398330688,
    "day_6": 0.6074241399765015,
    "day_7": 0.6146685481071472
  }
}