{
  "epochs_trained": 10,
  "best_val_loss": 0.6293507447242737,
  "mean_rmse": {
    "model": 0.5087674260139465
  },
  "rmse_per_step": {
    "day_1": 0.32299381494522095,
    "day_2": 0.45304596424102783,
    "day_3": 0.5138923525810242,
    "day_4": 0.544607400894165,
    "day_5": 0.5633950233459473,
    "day_6": 0.5767577290534973,
    "day_7": 0.5866795778274536
  }
}