{
  "epochs_trained": 7,
  "best_val_loss": 1.0642496178150176,
  "mean_rmse": {
    "model": 0.6274283528327942
  },
  "rmse_per_step": {
    "day_1": 0.6180487275123596,
    "day_2": 0.6212727427482605,
    "day_3": 0.6247235536575317,
    "day_4": 0.6276397109031677,
    "day_5": 0.6308267712593079,
    "day_6": 0.6335246562957764,
    "day_7": 0.6359624266624451
  }
}