{
  "epochs_trained": 6,
  "best_val_loss": 1.1725973358154298,
  "mean_rmse": {
    "model": 0.5999426245689392
  },
  "rmse_per_step": {
    "day_1": 0.5614033341407776,
    "day_2": 0.5805312395095825,
    "day_3": 0.5956568717956543,
    "day_4": 0.6052355170249939,
    "day_5": 0.6128332614898682,
    "day_6": 0.6195929646492004,
    "day_7": 0.6243449449539185
  }
}