{
  "epochs_trained": 11,
  "best_val_loss": 0.549213171005249,
  "mean_rmse": {
    "model": 0.5073642730712891,
    "persistence": 0.5806808471679688,
    "skill": 0.1262596733717859
  },
  "mean_mae": {
    "model": 0.3942076861858368,
    "persistence": 0.4447568356990814,
    "skill": 0.11365570004964631
  },
  "rmse_per_step": {
    "day_1": {
      "model": 0.3346348702907562,
      "persistence": 0.32529908418655396,
      "skill": -0.028699040412902832
    },
    "day_2": {
      "model": 0.4529153108596802,
      "persistence": 0.4916379451751709,
      "skill": 0.0787624716758728
    },
    "day_3": {
      "model": 0.5104568004608154,
      "persistence": 0.5803226828575134,
      "skill": 0.12039142847061157
    },
    "day_4": {
      "model": 0.5414092540740967,
      "persistence": 0.6293068528175354,
      "skill": 0.13967365026474
    },
    "day_5": {
      "model": 0.5592577457427979,
      "persistence": 0.6601645946502686,
      "skill": 0.15285104513168335
    },
    "day_6": {
      "model": 0.5712296962738037,
      "persistence": 0.6813382506370544,
      "skill": 0.1616063117980957
    },
    "day_7": {
      "model": 0.5816461443901062,
      "persistence": 0.6966967582702637,
      "skill": 0.16513729095458984
    }
  }
}