{
  "epochs_trained": 6,
  "best_val_loss": 1.2549283599853516,
  "mean_rmse": {
    "model": 0.643903374671936
  },
  "rmse_per_step": {
    "day_1": 0.6336861848831177,
    "day_2": 0.6423410177230835,
    "day_3": 0.6435229778289795,
    "day_4": 0.647504985332489,
    "day_5": 0.6413365006446838,
    "day_6": 0.647676408290863,
    "day_7": 0.6512554883956909
  }
}