{
  "epochs_trained": 10,
  "best_val_loss": 0.6024382200241089,
  "mean_rmse": {
    "model": 0.5054618716239929
  },
  "rmse_per_step": {
    "day_1": 0.33569467067718506,
    "day_2": 0.45280665159225464,
    "day_3": 0.5102293491363525,
    "day_4": 0.537483811378479,
    "day_5": 0.5549964904785156,
    "day_6": 0.5680631995201111,
    "day_7": 0.5789587497711182
  }
}