{
  "epochs_trained": 16,
  "best_val_loss": 0.5737317676544189,
  "mean_rmse": {
    "model": 0.5070095658302307
  },
  "rmse_per_step": {
    "day_1": 0.3350778818130493,
    "day_2": 0.4523009955883026,
    "day_3": 0.5103058218955994,
    "day_4": 0.5402687788009644,
    "day_5": 0.5586313605308533,
    "day_6": 0.5714055895805359,
    "day_7": 0.5810767412185669
  }
}