{
  "train": [
    0.6086168454927006,
    0.590757622534859,
    0.586475468802299,
    0.5825980492233418,
    0.580270284331942,
    0.5777651211542247,
    0.5793143169416901,
    0.5747496586153076,
    0.5746923221830126,
    0.5705762258715424,
    0.5684181379074947
  ],
  "val": [
    0.6640230141282082,
    0.6979051479697227,
    0.6937906677722931,
    0.661013136267662,
    0.6687107482552528,
    0.648439862549305,
    0.6667863001823425,
    0.6493939636945725,
    0.649875440955162,
    0.6589549923539162,
    0.686430803000927
  ]
}