{
  "model_type": "convlstm",
  "n_params": 1236167,
  "epochs_trained": 11,
  "mean_rmse": 0.5028934478759766,
  "mean_skill": 0.12498228251934052,
  "bic": -682129.4959960021,
  "rmse_steps": [
    0.3109426200389862,
    0.4499579966068268,
    0.5125797986984253,
    0.5410828590393066,
    0.5575351715087891,
    0.5693467259407043,
    0.5788091421127319
  ],
  "pers_rmse_steps": [
    0.32529908418655396,
    0.4916379451751709,
    0.5803226828575134,
    0.6293068528175354,
    0.6601645946502686,
    0.6813382506370544,
    0.6966967582702637
  ],
  "skill_steps": [
    0.044133126735687256,
    0.08477771282196045,
    0.1167331337928772,
    0.14019232988357544,
    0.15546035766601562,
    0.16436994075775146,
    0.16920936107635498
  ],
  "example_idx": 100,
  "example_date": "1999-07-10"
}