{
  "epochs_trained": 16,
  "best_val_loss": 0.5400317704081535,
  "mean_rmse": {
    "model": 0.49931588768959045
  },
  "rmse_per_step": {
    "day_1": 0.30457696318626404,
    "day_2": 0.44413745403289795,
    "day_3": 0.5066260099411011,
    "day_4": 0.5368641018867493,
    "day_5": 0.5550186038017273,
    "day_6": 0.5687161087989807,
    "day_7": 0.5792717337608337
  }
}