{
  "epochs_trained": 7,
  "best_val_loss": 0.6417340865135193,
  "mean_rmse": {
    "model": 0.5081127882003784
  },
  "rmse_per_step": {
    "day_1": 0.33558714389801025,
    "day_2": 0.45425739884376526,
    "day_3": 0.5127019882202148,
    "day_4": 0.5419101119041443,
    "day_5": 0.5592648983001709,
    "day_6": 0.5713668465614319,
    "day_7": 0.5817012190818787
  }
}