{
  "epochs_trained": 9,
  "best_val_loss": 0.7734605140686035,
  "mean_rmse": {
    "model": 0.5873721837997437
  },
  "rmse_per_step": {
    "day_1": 0.549103856086731,
    "day_2": 0.5651451945304871,
    "day_3": 0.5792133212089539,
    "day_4": 0.590713381767273,
    "day_5": 0.6008649468421936,
    "day_6": 0.609718918800354,
    "day_7": 0.616845428943634
  }
}