{
  "train": [
    0.6396310393402933,
    0.5933491294776959,
    0.5848709731325609,
    0.5825009515462253,
    0.5805436893645185,
    0.5788118786258812,
    0.5776754255238199,
    0.5764376876952235,
    0.5752194916942189,
    0.5753362250365179,
    0.57450544972159,
    0.5728297130818913,
    0.5716323936860092,
    0.57144586582735,
    0.5707043234384299,
    0.5711066175885042,
    0.5708664759723888,
    0.5690923268042504,
    0.5692672000874989,
    0.5686810279917823,
    0.5695048149955669,
    0.569719762102967,
    0.5689953944694209,
    0.5681549703293122
  ],
  "val": [
    0.7200073907375336,
    0.6540902721881866,
    0.7118252696990967,
    0.6608944752216339,
    0.6410788507461548,
    0.6425513515472412,
    0.637371031999588,
    0.6397144763469697,
    0.6364666254520416,
    0.644924064874649,
    0.658403249502182,
    0.6324697773456573,
    0.6417432527542114,
    0.6310779194831848,
    0.6321519823074341,
    0.6335549669265748,
    0.6432460451126099,
    0.6541680805683135,
    0.6269179289340973,
    0.6375651657581329,
    0.636873309135437,
    0.6433059799671174,
    0.6604425585269929,
    0.627338455915451
  ]
}