{
  "model_type": "patch_transformer",
  "n_params": 712821,
  "epochs_trained": 24,
  "mean_rmse": 0.509620726108551,
  "mean_skill": 0.10987990349531174,
  "bic": -8976956.974852929,
  "rmse_steps": [
    0.3311220705509186,
    0.4556569457054138,
    0.5147088170051575,
    0.5441493988037109,
    0.5623321533203125,
    0.5748817920684814,
    0.5844939351081848
  ],
  "pers_rmse_steps": [
    0.32529908418655396,
    0.4916379451751709,
    0.5803226828575134,
    0.6293068528175354,
    0.6601645946502686,
    0.6813382506370544,
    0.6966967582702637
  ],
  "skill_steps": [
    -0.017900466918945312,
    0.0731859803199768,
    0.1130644679069519,
    0.13531947135925293,
    0.14819401502609253,
    0.1562461256980896,
    0.1610497236251831
  ],
  "example_idx": 100,
  "example_date": "1999-07-10"
}