{
  "epochs_trained": 7,
  "best_val_loss": 1.0505261669158936,
  "mean_rmse": {
    "model": 0.6212148070335388
  },
  "rmse_per_step": {
    "day_1": 0.6075760126113892,
    "day_2": 0.6130560040473938,
    "day_3": 0.6187439560890198,
    "day_4": 0.6218385696411133,
    "day_5": 0.6261510848999023,
    "day_6": 0.6290512681007385,
    "day_7": 0.6320867538452148
  }
}