{
  "epochs_trained": 12,
  "best_val_loss": 0.6215328929424286,
  "mean_rmse": {
    "model": 0.5052323937416077,
    "persistence": 0.5806808471679688,
    "skill": 0.1299310176912667
  },
  "mean_mae": {
    "model": 0.3925001919269562,
    "persistence": 0.4447568356990814,
    "skill": 0.11749486365956974
  },
  "rmse_per_step": {
    "day_1": {
      "model": 0.32675132155418396,
      "persistence": 0.32529908418655396,
      "skill": -0.004464268684387207
    },
    "day_2": {
      "model": 0.45035725831985474,
      "persistence": 0.4916379451751709,
      "skill": 0.08396559953689575
    },
    "day_3": {
      "model": 0.5099971890449524,
      "persistence": 0.5803226828575134,
      "skill": 0.12118345499038696
    },
    "day_4": {
      "model": 0.5395377278327942,
      "persistence": 0.6293068528175354,
      "skill": 0.1426476240158081
    },
    "day_5": {
      "model": 0.5575498938560486,
      "persistence": 0.6601645946502686,
      "skill": 0.15543806552886963
    },
    "day_6": {
      "model": 0.5708508491516113,
      "persistence": 0.6813382506370544,
      "skill": 0.16216236352920532
    },
    "day_7": {
      "model": 0.5815824270248413,
      "persistence": 0.6966967582702637,
      "skill": 0.1652287244796753
    }
  }
}