{
  "epochs_trained": 6,
  "best_val_loss": 1.6183022365570068,
  "mean_rmse": {
    "model": 0.6546770334243774
  },
  "rmse_per_step": {
    "day_1": 0.6463473439216614,
    "day_2": 0.6495222449302673,
    "day_3": 0.6523934006690979,
    "day_4": 0.6549144983291626,
    "day_5": 0.657668948173523,
    "day_6": 0.6598391532897949,
    "day_7": 0.6620537638664246
  }
}