{
  "epochs_trained": 29,
  "best_val_loss": 0.5963586077690125,
  "mean_rmse": {
    "model": 0.5079594850540161
  },
  "rmse_per_step": {
    "day_1": 0.3264714479446411,
    "day_2": 0.4524475932121277,
    "day_3": 0.5123370885848999,
    "day_4": 0.5427669882774353,
    "day_5": 0.5615798234939575,
    "day_6": 0.574936032295227,
    "day_7": 0.5851771831512451
  }
}