{
  "epochs_trained": 6,
  "best_val_loss": 1.2131550049781799,
  "mean_rmse": {
    "model": 0.663762092590332
  },
  "rmse_per_step": {
    "day_1": 0.6605263352394104,
    "day_2": 0.6631990075111389,
    "day_3": 0.6637098789215088,
    "day_4": 0.6640447974205017,
    "day_5": 0.6638847589492798,
    "day_6": 0.6645049452781677,
    "day_7": 0.6664646863937378
  }
}