{
  "epochs_trained": 9,
  "best_val_loss": 0.6396117134094238,
  "mean_rmse": {
    "model": 0.5132074952125549
  },
  "rmse_per_step": {
    "day_1": 0.3337956964969635,
    "day_2": 0.45788446068763733,
    "day_3": 0.5176687240600586,
    "day_4": 0.5480931997299194,
    "day_5": 0.566649854183197,
    "day_6": 0.579416811466217,
    "day_7": 0.5889440774917603
  }
}