{
  "epochs_trained": 6,
  "best_val_loss": 1.1236814875602723,
  "mean_rmse": {
    "model": 0.6190428733825684
  },
  "rmse_per_step": {
    "day_1": 0.6012584567070007,
    "day_2": 0.6087577939033508,
    "day_3": 0.616438627243042,
    "day_4": 0.6196720004081726,
    "day_5": 0.6245357394218445,
    "day_6": 0.6294411420822144,
    "day_7": 0.6331965327262878
  }
}