{
  "persistence": [
    0.3231000006198883,
    0.48802199959754944,
    0.575553834438324,
    0.6238207221031189,
    0.654125988483429,
    0.6741143465042114,
    0.6879980564117432,
    0.6984875202178955,
    0.7084741592407227,
    0.721218466758728,
    0.7353130578994751,
    0.7485933899879456,
    0.7603509426116943,
    0.7715044021606445,
    0.780204176902771,
    0.7857030630111694,
    0.7900860905647278,
    0.7952662110328674,
    0.8016123175621033,
    0.807736873626709,
    0.8134266138076782,
    0.818816602230072,
    0.8245591521263123,
    0.829562246799469,
    0.8336195349693298,
    0.8380866646766663,
    0.8442482948303223,
    0.8510172963142395,
    0.8566750288009644,
    0.8601885437965393,
    0.861532986164093,
    0.8620554804801941,
    0.863365113735199,
    0.8650233149528503,
    0.8672688603401184,
    0.8700874447822571,
    0.8731151223182678,
    0.8752127885818481,
    0.8761672973632812,
    0.8766709566116333,
    0.877071738243103,
    0.876958966255188,
    0.8779310584068298,
    0.881026566028595,
    0.8866657614707947,
    0.8913982510566711,
    0.8939850330352783,
    0.8956437706947327,
    0.8966944217681885
  ],
  "climatology": [
    0.771867036819458,
    0.7717912793159485,
    0.7715532779693604,
    0.7712268829345703,
    0.7709185481071472,
    0.7707390189170837,
    0.7706962823867798,
    0.7708373665809631,
    0.7711299657821655,
    0.7716959714889526,
    0.7724746465682983,
    0.7728930115699768,
    0.772824227809906,
    0.7726689577102661,
    0.7725903987884521,
    0.7726075053215027,
    0.7727629542350769,
    0.7727587819099426,
    0.7727401256561279,
    0.7727301716804504,
    0.7725241184234619,
    0.7723663449287415,
    0.7722355127334595,
    0.7721816301345825,
    0.77208411693573,
    0.7718693017959595,
    0.7716206908226013,
    0.7713550925254822,
    0.7712012529373169,
    0.771075963973999,
    0.7708340287208557,
    0.7706329226493835,
    0.7704731822013855,
    0.7704445719718933,
    0.7703782916069031,
    0.7702272534370422,
    0.7700136303901672,
    0.7698175311088562,
    0.7696634531021118,
    0.7695879936218262,
    0.7691344618797302,
    0.7686368227005005,
    0.7682185173034668,
    0.7679425477981567,
    0.7677795886993408,
    0.7676075100898743,
    0.7676056623458862,
    0.7680137753486633,
    0.7687912583351135
  ],
  "tubelet": [
    0.31351935863494873,
    0.44153106212615967,
    0.5018302202224731,
    0.5322164297103882,
    0.5510101914405823,
    0.5641651153564453,
    0.5744652152061462,
    0.5934756994247437,
    0.596923828125,
    0.6028409600257874,
    0.6108627319335938,
    0.6172879338264465,
    0.6224254965782166,
    0.627806544303894,
    0.6449800133705139,
    0.6435801386833191,
    0.6435028314590454,
    0.6451828479766846,
    0.6468645334243774,
    0.648654580116272,
    0.6506639719009399,
    0.6652780771255493,
    0.6643751263618469,
    0.6650001406669617,
    0.666487991809845,
    0.6676076650619507,
    0.6693033576011658,
    0.671339213848114,
    0.6876698136329651,
    0.6892884373664856,
    0.690382182598114,
    0.6905949115753174,
    0.6897997856140137,
    0.6895880103111267,
    0.6898418068885803,
    0.7094307541847229,
    0.7141029834747314,
    0.7167465090751648,
    0.7160723805427551,
    0.7131953835487366,
    0.7112851738929749,
    0.7093271017074585,
    0.7349144816398621,
    0.7429317831993103,
    0.7477031946182251,
    0.7468311786651611,
    0.7423205375671387,
    0.7394186854362488,
    0.7365500330924988
  ]
}