{
  "epochs_trained": 8,
  "best_val_loss": 1.0036673398017883,
  "mean_rmse": {
    "model": 0.6084991097450256
  },
  "rmse_per_step": {
    "day_1": 0.5839763879776001,
    "day_2": 0.5947431921958923,
    "day_3": 0.6042160987854004,
    "day_4": 0.6112797856330872,
    "day_5": 0.616948664188385,
    "day_6": 0.6218193173408508,
    "day_7": 0.6265105605125427
  }
}