{
  "epochs_trained": 6,
  "best_val_loss": 0.7134081755876541,
  "mean_rmse": {
    "model": 0.5030500292778015
  },
  "rmse_per_step": {
    "day_1": 0.30909264087677,
    "day_2": 0.4476761519908905,
    "day_3": 0.5109153985977173,
    "day_4": 0.5409239530563354,
    "day_5": 0.5586775541305542,
    "day_6": 0.571149468421936,
    "day_7": 0.5829153656959534
  }
}