{
  "epochs_trained": 8,
  "best_val_loss": 0.6216149413585663,
  "mean_rmse": {
    "model": 0.5104191899299622
  },
  "rmse_per_step": {
    "day_1": 0.3330031931400299,
    "day_2": 0.4554796516895294,
    "day_3": 0.515899658203125,
    "day_4": 0.5455847978591919,
    "day_5": 0.5635879635810852,
    "day_6": 0.5754357576370239,
    "day_7": 0.5839428305625916
  }
}