{
  "persistence": [
    0.3231000006198883,
    0.48802199959754944,
    0.575553834438324,
    0.6238207221031189,
    0.654125988483429,
    0.6741143465042114,
    0.6879980564117432,
    0.6984875202178955,
    0.7084741592407227,
    0.721218466758728,
    0.7353130578994751,
    0.7485933899879456,
    0.7603509426116943,
    0.7715044021606445,
    0.780204176902771,
    0.7857030630111694,
    0.7900860905647278,
    0.7952662110328674,
    0.8016123175621033,
    0.807736873626709,
    0.8134266138076782,
    0.818816602230072,
    0.8245591521263123,
    0.829562246799469,
    0.8336195349693298,
    0.8380866646766663,
    0.8442482948303223,
    0.8510172963142395,
    0.8566750288009644,
    0.8601885437965393,
    0.861532986164093,
    0.8620554804801941,
    0.863365113735199,
    0.8650233149528503,
    0.8672688603401184,
    0.8700874447822571,
    0.8731151223182678,
    0.8752127885818481,
    0.8761672973632812,
    0.8766709566116333,
    0.877071738243103,
    0.876958966255188,
    0.8779310584068298,
    0.881026566028595,
    0.8866657614707947,
    0.8913982510566711,
    0.8939850330352783,
    0.8956437706947327,
    0.8966944217681885
  ],
  "climatology": [
    0.771867036819458,
    0.7717912793159485,
    0.7715532779693604,
    0.7712268829345703,
    0.7709185481071472,
    0.7707390189170837,
    0.7706962823867798,
    0.7708373665809631,
    0.7711299657821655,
    0.7716959714889526,
    0.7724746465682983,
    0.7728930115699768,
    0.772824227809906,
    0.7726689577102661,
    0.7725903987884521,
    0.7726075053215027,
    0.7727629542350769,
    0.7727587819099426,
    0.7727401256561279,
    0.7727301716804504,
    0.7725241184234619,
    0.7723663449287415,
    0.7722355127334595,
    0.7721816301345825,
    0.77208411693573,
    0.7718693017959595,
    0.7716206908226013,
    0.7713550925254822,
    0.7712012529373169,
    0.771075963973999,
    0.7708340287208557,
    0.7706329226493835,
    0.7704731822013855,
    0.7704445719718933,
    0.7703782916069031,
    0.7702272534370422,
    0.7700136303901672,
    0.7698175311088562,
    0.7696634531021118,
    0.7695879936218262,
    0.7691344618797302,
    0.7686368227005005,
    0.7682185173034668,
    0.7679425477981567,
    0.7677795886993408,
    0.7676075100898743,
    0.7676056623458862,
    0.7680137753486633,
    0.7687912583351135
  ],
  "patch_transformer": [
    0.32503655552864075,
    0.45087456703186035,
    0.510470986366272,
    0.541125476360321,
    0.5600093603134155,
    0.5723686814308167,
    0.5809447765350342,
    0.5932028889656067,
    0.5994064211845398,
    0.6079518795013428,
    0.6164565682411194,
    0.623676061630249,
    0.6293975710868835,
    0.6343920230865479,
    0.645108699798584,
    0.6464751958847046,
    0.6483654975891113,
    0.6498843431472778,
    0.6517340540885925,
    0.6535103917121887,
    0.6549505591392517,
    0.6667704582214355,
    0.6694775819778442,
    0.6717199087142944,
    0.6727755069732666,
    0.674687922000885,
    0.677423894405365,
    0.6801028847694397,
    0.6998720169067383,
    0.7046872973442078,
    0.706054151058197,
    0.704748809337616,
    0.7044653296470642,
    0.7047725319862366,
    0.7051900625228882,
    0.7304843068122864,
    0.7368942499160767,
    0.7385890483856201,
    0.7361752986907959,
    0.7346837520599365,
    0.7336342334747314,
    0.7320231199264526,
    0.7635843753814697,
    0.7700057029724121,
    0.7707886099815369,
    0.7668657302856445,
    0.7639378905296326,
    0.7618887424468994,
    0.7594169974327087
  ]
}