{
  "persistence": [
    0.3231000006198883,
    0.48802199959754944,
    0.575553834438324,
    0.6238207221031189,
    0.654125988483429,
    0.6741143465042114,
    0.6879980564117432,
    0.6984875202178955,
    0.7084741592407227,
    0.721218466758728,
    0.7353130578994751,
    0.7485933899879456,
    0.7603509426116943,
    0.7715044021606445,
    0.780204176902771,
    0.7857030630111694,
    0.7900860905647278,
    0.7952662110328674,
    0.8016123175621033,
    0.807736873626709,
    0.8134266138076782,
    0.818816602230072,
    0.8245591521263123,
    0.829562246799469,
    0.8336195349693298,
    0.8380866646766663,
    0.8442482948303223,
    0.8510172963142395,
    0.8566750288009644,
    0.8601885437965393,
    0.861532986164093,
    0.8620554804801941,
    0.863365113735199,
    0.8650233149528503,
    0.8672688603401184,
    0.8700874447822571,
    0.8731151223182678,
    0.8752127885818481,
    0.8761672973632812,
    0.8766709566116333,
    0.877071738243103,
    0.876958966255188,
    0.8779310584068298,
    0.881026566028595,
    0.8866657614707947,
    0.8913982510566711,
    0.8939850330352783,
    0.8956437706947327,
    0.8966944217681885
  ],
  "climatology": [
    0.771867036819458,
    0.7717912793159485,
    0.7715532779693604,
    0.7712268829345703,
    0.7709185481071472,
    0.7707390189170837,
    0.7706962823867798,
    0.7708373665809631,
    0.7711299657821655,
    0.7716959714889526,
    0.7724746465682983,
    0.7728930115699768,
    0.772824227809906,
    0.7726689577102661,
    0.7725903987884521,
    0.7726075053215027,
    0.7727629542350769,
    0.7727587819099426,
    0.7727401256561279,
    0.7727301716804504,
    0.7725241184234619,
    0.7723663449287415,
    0.7722355127334595,
    0.7721816301345825,
    0.77208411693573,
    0.7718693017959595,
    0.7716206908226013,
    0.7713550925254822,
    0.7712012529373169,
    0.771075963973999,
    0.7708340287208557,
    0.7706329226493835,
    0.7704731822013855,
    0.7704445719718933,
    0.7703782916069031,
    0.7702272534370422,
    0.7700136303901672,
    0.7698175311088562,
    0.7696634531021118,
    0.7695879936218262,
    0.7691344618797302,
    0.7686368227005005,
    0.7682185173034668,
    0.7679425477981567,
    0.7677795886993408,
    0.7676075100898743,
    0.7676056623458862,
    0.7680137753486633,
    0.7687912583351135
  ],
  "convlstm": [
    0.3025323152542114,
    0.4387388825416565,
    0.5010419487953186,
    0.531152069568634,
    0.5489802956581116,
    0.5611247420310974,
    0.5706357955932617,
    0.581859290599823,
    0.5904548764228821,
    0.6003605127334595,
    0.6109552979469299,
    0.6197781562805176,
    0.6269873976707458,
    0.6320503950119019,
    0.6447725892066956,
    0.6563320755958557,
    0.6663485169410706,
    0.6747540831565857,
    0.6807988286018372,
    0.6845357418060303,
    0.6849393248558044,
    0.6921484470367432,
    0.7041299343109131,
    0.7143226861953735,
    0.7220696806907654,
    0.7264017462730408,
    0.7291073799133301,
    0.7276769876480103,
    0.7310019731521606,
    0.7428579926490784,
    0.7521512508392334,
    0.7578635811805725,
    0.7592310905456543,
    0.7598060369491577,
    0.7556503415107727,
    0.7557810544967651,
    0.767941951751709,
    0.7781832814216614,
    0.7839900851249695,
    0.784076988697052,
    0.783427357673645,
    0.7770663499832153,
    0.7746184468269348,
    0.7871708273887634,
    0.7983526587486267,
    0.8043033480644226,
    0.8033730387687683,
    0.8027961254119873,
    0.7957853674888611
  ]
}