{
  "epochs_trained": 7,
  "best_val_loss": 0.8781997103691102,
  "mean_rmse": {
    "model": 0.5813764929771423
  },
  "rmse_per_step": {
    "day_1": 0.5456526875495911,
    "day_2": 0.5618491172790527,
    "day_3": 0.5753514170646667,
    "day_4": 0.5855769515037537,
    "day_5": 0.5939772725105286,
    "day_6": 0.600448727607727,
    "day_7": 0.6067790389060974
  }
}