{
  "epochs_trained": 7,
  "best_val_loss": 0.6562800931930542,
  "mean_rmse": {
    "model": 0.5254034996032715
  },
  "rmse_per_step": {
    "day_1": 0.3689440190792084,
    "day_2": 0.4716540277004242,
    "day_3": 0.5261542797088623,
    "day_4": 0.5549237132072449,
    "day_5": 0.5731738209724426,
    "day_6": 0.5864567756652832,
    "day_7": 0.5965179204940796
  }
}