{
  "epochs_trained": 6,
  "best_val_loss": 0.7091550521850586,
  "mean_rmse": {
    "model": 0.5174145698547363
  },
  "rmse_per_step": {
    "day_1": 0.3577139675617218,
    "day_2": 0.46910861134529114,
    "day_3": 0.5232096314430237,
    "day_4": 0.5495273470878601,
    "day_5": 0.5640905499458313,
    "day_6": 0.5746375918388367,
    "day_7": 0.5836143493652344
  }
}