{
  "train": [
    0.5660108531535101,
    0.5108955231801293,
    0.5037327350624157,
    0.4991053480493301,
    0.4980421169684726,
    0.495164562927932,
    0.49434729054132354,
    0.490987713187556,
    0.49049195944740975,
    0.4879176573232353,
    0.48748564343202855,
    0.48680949865855416,
    0.4853847092936349,
    0.48266196818661655,
    0.48177289073164303,
    0.48218159352928125,
    0.4795873781938362,
    0.4779765360966386
  ],
  "val": [
    0.5820666146278382,
    0.5597074971199035,
    0.5562195665836335,
    0.565266565322876,
    0.5466916961669922,
    0.548751814365387,
    0.5746884031295776,
    0.5740736479759216,
    0.5504239616394043,
    0.537916748046875,
    0.5455602598190308,
    0.5463045809268952,
    0.5331992077827453,
    0.5640596442222595,
    0.5386233370304108,
    0.5525874373912811,
    0.5714402494430542,
    0.5811105256080628
  ]
}