{
  "model_type": "tubelet",
  "n_params": 1440647,
  "epochs_trained": 18,
  "mean_rmse": 0.5017098784446716,
  "mean_skill": 0.12630526721477509,
  "bic": 2683948.7884801663,
  "rmse_steps": [
    0.3159085512161255,
    0.44504514336586,
    0.5061371326446533,
    0.5369693040847778,
    0.5562004446983337,
    0.5701838135719299,
    0.5815247893333435
  ],
  "pers_rmse_steps": [
    0.32529908418655396,
    0.4916379451751709,
    0.5803226828575134,
    0.6293068528175354,
    0.6601645946502686,
    0.6813382506370544,
    0.6966967582702637
  ],
  "skill_steps": [
    0.028867363929748535,
    0.09477055072784424,
    0.1278349757194519,
    0.1467289924621582,
    0.15748214721679688,
    0.1631413698196411,
    0.16531145572662354
  ],
  "example_idx": 100,
  "example_date": "1999-07-10"
}