{
  "context_len": 90,
  "horizon": 7,
  "batch_size": 8,
  "d_model": 128,
  "n_heads": 8,
  "n_layers": 4,
  "d_ff": 512,
  "t_s": 5,
  "p_h": 3,
  "p_w": 11,
  "dropout": 0.17855860960340292,
  "num_epochs": 50,
  "early_stop_patience": 5,
  "learning_rate": 0.00017258215396625024,
  "weight_decay": 0.0001,
  "grad_clip": 1.0,
  "lr_factor": 0.6533291826268561,
  "lr_patience": 5,
  "random_seed": 42,
  "anomaly_alpha": 0.09983689107917987,
  "optuna_trial": 9
}