{
  "epochs_trained": 11,
  "best_val_loss": 0.6125820264816284,
  "mean_rmse": {
    "model": 0.5072537660598755
  },
  "rmse_per_step": {
    "day_1": 0.32979753613471985,
    "day_2": 0.45144832134246826,
    "day_3": 0.510359525680542,
    "day_4": 0.5409961342811584,
    "day_5": 0.5601257085800171,
    "day_6": 0.5735253691673279,
    "day_7": 0.584523618221283
  }
}