{
  "epochs_trained": 8,
  "best_val_loss": 1.08993231010437,
  "mean_rmse": {
    "model": 0.6496854424476624
  },
  "rmse_per_step": {
    "day_1": 0.6429613828659058,
    "day_2": 0.6460183262825012,
    "day_3": 0.6459585428237915,
    "day_4": 0.6517144441604614,
    "day_5": 0.652706503868103,
    "day_6": 0.6539778709411621,
    "day_7": 0.6544609665870667
  }
}