{
  "epochs_trained": 7,
  "best_val_loss": 0.6670781748294831,
  "mean_rmse": {
    "model": 0.5090249180793762
  },
  "rmse_per_step": {
    "day_1": 0.33475223183631897,
    "day_2": 0.4544580280780792,
    "day_3": 0.5135350823402405,
    "day_4": 0.5432825088500977,
    "day_5": 0.560727059841156,
    "day_6": 0.5733485817909241,
    "day_7": 0.5830708146095276
  }
}