{
  "epochs_trained": 12,
  "best_val_loss": 0.8833665862245467,
  "mean_rmse": {
    "model": 0.6170113682746887,
    "persistence": 0.5806808471679688,
    "skill": -0.06256538558815405
  },
  "rmse_per_step": {
    "day_1": {
      "model": 0.6035977005958557,
      "persistence": 0.32529908418655396,
      "skill": -0.8555161952972412
    },
    "day_2": {
      "model": 0.6090201735496521,
      "persistence": 0.4916379451751709,
      "skill": -0.23875749111175537
    },
    "day_3": {
      "model": 0.6141766905784607,
      "persistence": 0.5803226828575134,
      "skill": -0.058336496353149414
    },
    "day_4": {
      "model": 0.6181440353393555,
      "persistence": 0.6293068528175354,
      "skill": 0.017738282680511475
    },
    "day_5": {
      "model": 0.6212313771247864,
      "persistence": 0.6601645946502686,
      "skill": 0.058975040912628174
    },
    "day_6": {
      "model": 0.6248283386230469,
      "persistence": 0.6813382506370544,
      "skill": 0.08293956518173218
    },
    "day_7": {
      "model": 0.6280811429023743,
      "persistence": 0.6966967582702637,
      "skill": 0.09848707914352417
    }
  }
}