{
  "epochs_trained": 16,
  "best_val_loss": 0.5521738419532776,
  "mean_rmse": {
    "model": 0.5080243945121765
  },
  "rmse_per_step": {
    "day_1": 0.3270724415779114,
    "day_2": 0.4535854458808899,
    "day_3": 0.5131229758262634,
    "day_4": 0.5430598855018616,
    "day_5": 0.5612722635269165,
    "day_6": 0.5742087364196777,
    "day_7": 0.5838492512702942
  }
}