{
  "epochs_trained": 12,
  "best_val_loss": 0.8061527576446533,
  "mean_rmse": {
    "model": 0.6112748980522156
  },
  "rmse_per_step": {
    "day_1": 0.5930947065353394,
    "day_2": 0.6001536846160889,
    "day_3": 0.606351375579834,
    "day_4": 0.6113448143005371,
    "day_5": 0.6175397038459778,
    "day_6": 0.6227765083312988,
    "day_7": 0.6276639103889465
  }
}