{
  "model_type": "lstm",
  "context_len": 90,
  "horizon": 7,
  "batch_size": 16,
  "hidden_size": 64,
  "d_spatial": 64,
  "num_layers": 3,
  "dropout": 0.27314511497432464,
  "anomaly_alpha": 0.09444298503238986,
  "num_epochs": 50,
  "early_stop_patience": 5,
  "learning_rate": 0.0013271604970404893,
  "weight_decay": 0.0001,
  "grad_clip": 1.0,
  "lr_factor": 0.7548850970305306,
  "lr_patience": 5,
  "random_seed": 42,
  "optuna_trial": 9
}