{
  "epochs_trained": 6,
  "best_val_loss": 1.0366177988052367,
  "mean_rmse": {
    "model": 0.6397454142570496
  },
  "rmse_per_step": {
    "day_1": 0.624014675617218,
    "day_2": 0.6304931640625,
    "day_3": 0.6370091438293457,
    "day_4": 0.641908586025238,
    "day_5": 0.6443406343460083,
    "day_6": 0.647969663143158,
    "day_7": 0.652482271194458
  }
}