{
  "epochs_trained": 8,
  "best_val_loss": 1.1080248579978942,
  "mean_rmse": {
    "model": 0.632227897644043
  },
  "rmse_per_step": {
    "day_1": 0.6189131736755371,
    "day_2": 0.6230470538139343,
    "day_3": 0.6278271079063416,
    "day_4": 0.6337584853172302,
    "day_5": 0.6376045942306519,
    "day_6": 0.6402413249015808,
    "day_7": 0.6442034840583801
  }
}