{
  "epochs_trained": 11,
  "best_val_loss": 0.5993878905773162,
  "mean_rmse": {
    "model": 0.5021194219589233
  },
  "rmse_per_step": {
    "day_1": 0.3214491605758667,
    "day_2": 0.446524053812027,
    "day_3": 0.506414532661438,
    "day_4": 0.5366644263267517,
    "day_5": 0.555324137210846,
    "day_6": 0.5687000155448914,
    "day_7": 0.5797598958015442
  }
}