{
  "train": [
    0.6892634635538553,
    0.6112465576152204,
    0.5911004505377379,
    0.5789934860799396,
    0.5659879991390706,
    0.5604990903657103,
    0.5520182203216575,
    0.5467422649794966,
    0.5436690573818513,
    0.5429374905128056,
    0.5373344503214073,
    0.5353516237609093
  ],
  "val": [
    0.8033884181976318,
    0.8005026831626892,
    0.7953160037994385,
    0.8141786313056946,
    0.7794595613479615,
    0.8049739809036255,
    0.7751666293144226,
    0.7756174125671387,
    0.7814722924232483,
    0.7864773931503296,
    0.7800805563926697,
    0.8291732048988343
  ]
}