{
  "model_type": "rnn",
  "n_params": 9535487,
  "epochs_trained": 12,
  "mean_rmse": 0.6044846177101135,
  "mean_skill": -0.09996243566274643,
  "bic": 155377199.00036633,
  "rmse_steps": [
    0.5735635161399841,
    0.5878159999847412,
    0.5982227325439453,
    0.6068993210792542,
    0.6145323514938354,
    0.6215240955352783,
    0.62883460521698
  ],
  "pers_rmse_steps": [
    0.32529908418655396,
    0.4916379451751709,
    0.5803226828575134,
    0.6293068528175354,
    0.6601645946502686,
    0.6813382506370544,
    0.6966967582702637
  ],
  "skill_steps": [
    -0.7631882429122925,
    -0.19562780857086182,
    -0.030845046043395996,
    0.03560668230056763,
    0.0691225528717041,
    0.08778923749923706,
    0.09740555286407471
  ],
  "example_idx": 100,
  "example_date": "1999-07-10"
}