{
  "epochs_trained": 6,
  "best_val_loss": 1.1122611856460571,
  "mean_rmse": {
    "model": 0.6219874024391174
  },
  "rmse_per_step": {
    "day_1": 0.6094899773597717,
    "day_2": 0.6130219101905823,
    "day_3": 0.619430422782898,
    "day_4": 0.6229114532470703,
    "day_5": 0.6262738704681396,
    "day_6": 0.6293545961380005,
    "day_7": 0.6334297060966492
  }
}