{
  "model_type": "lstm",
  "context_len": 90,
  "horizon": 7,
  "batch_size": 16,
  "hidden_size": 128,
  "d_spatial": 64,
  "num_layers": 1,
  "dropout": 0.11859400184670083,
  "anomaly_alpha": 0.06506606615265287,
  "num_epochs": 50,
  "early_stop_patience": 5,
  "learning_rate": 0.0018258230439200246,
  "weight_decay": 0.0001,
  "grad_clip": 1.0,
  "lr_factor": 0.41809091556421524,
  "lr_patience": 5,
  "random_seed": 42,
  "optuna_trial": 6
}