{
  "context_len": 90,
  "horizon": 7,
  "batch_size": 8,
  "d_model": 128,
  "n_heads": 8,
  "n_layers": 2,
  "d_ff": 512,
  "t_s": 5,
  "p_h": 3,
  "p_w": 11,
  "dropout": 0.26763207601080513,
  "num_epochs": 50,
  "early_stop_patience": 5,
  "learning_rate": 0.00010938497733099137,
  "weight_decay": 0.0001,
  "grad_clip": 1.0,
  "lr_factor": 0.4677107775313917,
  "lr_patience": 5,
  "random_seed": 42,
  "anomaly_alpha": 0.2512656088373982,
  "optuna_trial": 10
}