{
  "epochs_trained": 6,
  "best_val_loss": 0.7460716733932495,
  "mean_rmse": {
    "model": 0.5126299262046814
  },
  "rmse_per_step": {
    "day_1": 0.3481776714324951,
    "day_2": 0.46389755606651306,
    "day_3": 0.5172817707061768,
    "day_4": 0.5443543195724487,
    "day_5": 0.5603055953979492,
    "day_6": 0.5723373293876648,
    "day_7": 0.5820550322532654
  }
}