{
  "context_len": 90,
  "horizon": 7,
  "batch_size": 8,
  "d_model": 256,
  "n_heads": 16,
  "n_layers": 5,
  "d_ff": 1024,
  "t_s": 5,
  "p_h": 3,
  "p_w": 11,
  "dropout": 0.28308865588964005,
  "num_epochs": 50,
  "early_stop_patience": 5,
  "learning_rate": 0.001373230210435696,
  "weight_decay": 0.0001,
  "grad_clip": 1.0,
  "lr_factor": 0.743403500895245,
  "lr_patience": 5,
  "random_seed": 42,
  "anomaly_alpha": 0.007745039992236635,
  "optuna_trial": 10
}