{
  "epochs_trained": 6,
  "best_val_loss": 0.9861218419075012,
  "mean_rmse": {
    "model": 0.666330873966217
  },
  "rmse_per_step": {
    "day_1": 0.6547035574913025,
    "day_2": 0.660742461681366,
    "day_3": 0.6647026538848877,
    "day_4": 0.6674436926841736,
    "day_5": 0.6698219776153564,
    "day_6": 0.6721872091293335,
    "day_7": 0.6747148036956787
  }
}