{
  "epochs_trained": 6,
  "best_val_loss": 0.8220885848999023,
  "mean_rmse": {
    "model": 0.6014007925987244
  },
  "rmse_per_step": {
    "day_1": 0.5711243152618408,
    "day_2": 0.5845071077346802,
    "day_3": 0.5962508916854858,
    "day_4": 0.6048879027366638,
    "day_5": 0.6118242740631104,
    "day_6": 0.617800772190094,
    "day_7": 0.6234104633331299
  }
}