{
  "epochs_trained": 26,
  "best_val_loss": 0.5431930646896362,
  "mean_rmse": {
    "model": 0.5054783821105957
  },
  "rmse_per_step": {
    "day_1": 0.33138322830200195,
    "day_2": 0.45006224513053894,
    "day_3": 0.5084455013275146,
    "day_4": 0.5387061238288879,
    "day_5": 0.5573736429214478,
    "day_6": 0.5707875490188599,
    "day_7": 0.5815907120704651
  }
}