{
  "epochs_trained": 6,
  "best_val_loss": 1.2163302946090697,
  "mean_rmse": {
    "model": 0.6539642214775085
  },
  "rmse_per_step": {
    "day_1": 0.6442989110946655,
    "day_2": 0.6479684114456177,
    "day_3": 0.651532769203186,
    "day_4": 0.6546093225479126,
    "day_5": 0.6571446657180786,
    "day_6": 0.6596742868423462,
    "day_7": 0.6625214219093323
  }
}