{
  "train": [
    0.6165906903483473,
    0.5173477837491486,
    0.5051274187638153,
    0.4990428604024652,
    0.49589843756031216,
    0.49457023836894126,
    0.4930088708003594,
    0.49165127785504154,
    0.4894550622936166,
    0.4888085595339879,
    0.48597882089853334
  ],
  "val": [
    0.5920859258174896,
    0.5744710750579834,
    0.6194139382839203,
    0.5827755081653595,
    0.5594951570034027,
    0.543200703382492,
    0.558387042760849,
    0.5666332311630249,
    0.5614156336784363,
    0.5906936664581299,
    0.6109416568279267
  ]
}