{
  "model_type": "tubelet",
  "n_params": 1440647,
  "epochs_trained": 11,
  "mean_rmse": 0.5038056969642639,
  "mean_skill": 0.1212151050567627,
  "bic": 2914108.776731521,
  "rmse_steps": [
    0.32310259342193604,
    0.44807949662208557,
    0.5082595348358154,
    0.5386694669723511,
    0.5572967529296875,
    0.5704358220100403,
    0.5807964205741882
  ],
  "pers_rmse_steps": [
    0.32529908418655396,
    0.4916379451751709,
    0.5803226828575134,
    0.6293068528175354,
    0.6601645946502686,
    0.6813382506370544,
    0.6966967582702637
  ],
  "skill_steps": [
    0.006752192974090576,
    0.08859860897064209,
    0.12417769432067871,
    0.14402735233306885,
    0.15582150220870972,
    0.16277146339416504,
    0.1663569211959839
  ],
  "example_idx": 100,
  "example_date": "1999-07-10"
}