{
  "epochs_trained": 11,
  "best_val_loss": 0.7721249446868896,
  "mean_rmse": {
    "model": 0.5967434644699097,
    "persistence": 0.5806808471679688,
    "skill": -0.027661696403936453
  },
  "mean_mae": {
    "model": 0.4734184145927429,
    "persistence": 0.4447568356990814,
    "skill": -0.06444325661371875
  },
  "rmse_per_step": {
    "day_1": {
      "model": 0.48464593291282654,
      "persistence": 0.32529908418655396,
      "skill": -0.48984718322753906
    },
    "day_2": {
      "model": 0.5743259191513062,
      "persistence": 0.4916379451751709,
      "skill": -0.16818881034851074
    },
    "day_3": {
      "model": 0.6098892688751221,
      "persistence": 0.5803226828575134,
      "skill": -0.050948500633239746
    },
    "day_4": {
      "model": 0.6259139180183411,
      "persistence": 0.6293068528175354,
      "skill": 0.005391538143157959
    },
    "day_5": {
      "model": 0.6262485980987549,
      "persistence": 0.6601645946502686,
      "skill": 0.05137509107589722
    },
    "day_6": {
      "model": 0.6256071925163269,
      "persistence": 0.6813382506370544,
      "skill": 0.08179646730422974
    },
    "day_7": {
      "model": 0.6305734515190125,
      "persistence": 0.6966967582702637,
      "skill": 0.09490972757339478
    }
  }
}