{
  "epochs_trained": 6,
  "best_val_loss": 0.6488485183715821,
  "mean_rmse": {
    "model": 0.5069906115531921
  },
  "rmse_per_step": {
    "day_1": 0.33281204104423523,
    "day_2": 0.4533783197402954,
    "day_3": 0.5115665197372437,
    "day_4": 0.5406098961830139,
    "day_5": 0.5579668283462524,
    "day_6": 0.5708868503570557,
    "day_7": 0.5817137360572815
  }
}