{
  "epochs_trained": 6,
  "best_val_loss": 0.9146508445739746,
  "mean_rmse": {
    "model": 0.5928155183792114
  },
  "rmse_per_step": {
    "day_1": 0.564139723777771,
    "day_2": 0.5770127773284912,
    "day_3": 0.5875879526138306,
    "day_4": 0.5954609513282776,
    "day_5": 0.6022414565086365,
    "day_6": 0.6087581515312195,
    "day_7": 0.6145076155662537
  }
}