{
  "train": [
    0.8926375800590381,
    0.6944178105746059,
    0.6445763502331601,
    0.6124927657521357,
    0.591760362382296,
    0.5778557734165611,
    0.5672479624250887,
    0.5566906760026101,
    0.5499518520406629
  ],
  "val": [
    0.9409471988677979,
    0.8736137323379517,
    0.8814693264961243,
    0.8722021656036377,
    0.9285136642456054,
    0.9579028806686402,
    0.9434210042953491,
    0.9512006816864014,
    0.928834361076355
  ]
}