{
  "model_type": "lstm",
  "n_params": 18589055,
  "epochs_trained": 9,
  "mean_rmse": 0.5833142995834351,
  "mean_skill": -0.0590301938354969,
  "bic": 310182266.57685703,
  "rmse_steps": [
    0.5447918772697449,
    0.5619394779205322,
    0.5763770341873169,
    0.5878269076347351,
    0.5969521999359131,
    0.6041812300682068,
    0.6111311316490173
  ],
  "pers_rmse_steps": [
    0.32529908418655396,
    0.4916379451751709,
    0.5803226828575134,
    0.6293068528175354,
    0.6601645946502686,
    0.6813382506370544,
    0.6966967582702637
  ],
  "skill_steps": [
    -0.6747415065765381,
    -0.14299452304840088,
    0.006799042224884033,
    0.06591367721557617,
    0.09575247764587402,
    0.11324334144592285,
    0.12281614542007446
  ],
  "example_idx": 100,
  "example_date": "1999-07-10"
}