{
  "epochs_trained": 12,
  "best_val_loss": 0.5770256855487823,
  "mean_rmse": {
    "model": 0.5053330063819885
  },
  "rmse_per_step": {
    "day_1": 0.32532981038093567,
    "day_2": 0.4495232105255127,
    "day_3": 0.5097209215164185,
    "day_4": 0.5395838022232056,
    "day_5": 0.5582599639892578,
    "day_6": 0.5718837976455688,
    "day_7": 0.5830297470092773
  }
}