{
  "epochs_trained": 6,
  "best_val_loss": 0.7489430956840515,
  "mean_rmse": {
    "model": 0.5780893564224243
  },
  "rmse_per_step": {
    "day_1": 0.44933366775512695,
    "day_2": 0.5470871329307556,
    "day_3": 0.5889436602592468,
    "day_4": 0.6102216839790344,
    "day_5": 0.6163389682769775,
    "day_6": 0.6160922646522522,
    "day_7": 0.6186083555221558
  }
}