{
  "train": [
    0.6163657583262954,
    0.5190558436200368,
    0.5068797262511984,
    0.49901923291366324,
    0.4965262656361242,
    0.4956291651222395,
    0.4930978600768687,
    0.49164000576886485,
    0.49107206009848847,
    0.4887589675416555
  ],
  "val": [
    0.585636766910553,
    0.5823671002388,
    0.5550077979564667,
    0.5525614290237427,
    0.542466064453125,
    0.5506159563064575,
    0.5537011563777924,
    0.5521795427799225,
    0.5552508568763733,
    0.5526598536968231
  ]
}