{
  "model_type": "tubelet",
  "n_params": 1440647,
  "epochs_trained": 10,
  "mean_rmse": 0.5055332779884338,
  "mean_skill": 0.11719508469104767,
  "bic": 3111014.296873346,
  "rmse_steps": [
    0.32798030972480774,
    0.45158740878105164,
    0.5100709199905396,
    0.5395085215568542,
    0.5576509833335876,
    0.5707787871360779,
    0.5811558365821838
  ],
  "pers_rmse_steps": [
    0.32529908418655396,
    0.4916379451751709,
    0.5803226828575134,
    0.6293068528175354,
    0.6601645946502686,
    0.6813382506370544,
    0.6966967582702637
  ],
  "skill_steps": [
    -0.008242368698120117,
    0.08146345615386963,
    0.12105637788772583,
    0.14269405603408813,
    0.15528494119644165,
    0.16226810216903687,
    0.16584104299545288
  ],
  "example_idx": 100,
  "example_date": "1999-07-10"
}