{
  "epochs_trained": 8,
  "best_val_loss": 0.7623367630740971,
  "mean_rmse": {
    "model": 0.6055856347084045,
    "persistence": 0.5806808471679688,
    "skill": -0.04288894262984333
  },
  "rmse_per_step": {
    "day_1": {
      "model": 0.5763381719589233,
      "persistence": 0.32529908418655396,
      "skill": -0.7717177867889404
    },
    "day_2": {
      "model": 0.5889571309089661,
      "persistence": 0.4916379451751709,
      "skill": -0.19794893264770508
    },
    "day_3": {
      "model": 0.5989503860473633,
      "persistence": 0.5803226828575134,
      "skill": -0.03209888935089111
    },
    "day_4": {
      "model": 0.608116090297699,
      "persistence": 0.6293068528175354,
      "skill": 0.03367316722869873
    },
    "day_5": {
      "model": 0.6162642240524292,
      "persistence": 0.6601645946502686,
      "skill": 0.06649911403656006
    },
    "day_6": {
      "model": 0.6230925917625427,
      "persistence": 0.6813382506370544,
      "skill": 0.08548712730407715
    },
    "day_7": {
      "model": 0.6273810267448425,
      "persistence": 0.6966967582702637,
      "skill": 0.09949195384979248
    }
  }
}