{
  "epochs_trained": 7,
  "best_val_loss": 0.8464835757769428,
  "mean_rmse": {
    "model": 0.63017737865448,
    "persistence": 0.5806808471679688,
    "skill": -0.08523878775735438
  },
  "rmse_per_step": {
    "day_1": {
      "model": 0.6169484257698059,
      "persistence": 0.32529908418655396,
      "skill": -0.8965575695037842
    },
    "day_2": {
      "model": 0.623327374458313,
      "persistence": 0.4916379451751709,
      "skill": -0.26785850524902344
    },
    "day_3": {
      "model": 0.6291525959968567,
      "persistence": 0.5803226828575134,
      "skill": -0.08414268493652344
    },
    "day_4": {
      "model": 0.6320080757141113,
      "persistence": 0.6293068528175354,
      "skill": -0.0042923688888549805
    },
    "day_5": {
      "model": 0.6346149444580078,
      "persistence": 0.6601645946502686,
      "skill": 0.03870195150375366
    },
    "day_6": {
      "model": 0.6362747550010681,
      "persistence": 0.6813382506370544,
      "skill": 0.06613969802856445
    },
    "day_7": {
      "model": 0.638915479183197,
      "persistence": 0.6966967582702637,
      "skill": 0.08293604850769043
    }
  }
}