{
  "epochs_trained": 7,
  "best_val_loss": 0.629113559961319,
  "mean_rmse": {
    "model": 0.5051264762878418
  },
  "rmse_per_step": {
    "day_1": 0.3284180760383606,
    "day_2": 0.4502836763858795,
    "day_3": 0.5094690322875977,
    "day_4": 0.5390598177909851,
    "day_5": 0.5572609305381775,
    "day_6": 0.5705859661102295,
    "day_7": 0.5808075666427612
  }
}