{
  "epochs_trained": 10,
  "best_val_loss": 0.883425085067749,
  "mean_rmse": {
    "model": 0.6247995495796204
  },
  "rmse_per_step": {
    "day_1": 0.6063279509544373,
    "day_2": 0.6133667826652527,
    "day_3": 0.6198863387107849,
    "day_4": 0.6258241534233093,
    "day_5": 0.6308067440986633,
    "day_6": 0.6356828808784485,
    "day_7": 0.6417021155357361
  }
}