{
  "epochs_trained": 9,
  "best_val_loss": 0.639633770942688,
  "mean_rmse": {
    "model": 0.5158422589302063
  },
  "rmse_per_step": {
    "day_1": 0.3395158350467682,
    "day_2": 0.46159735321998596,
    "day_3": 0.5205249786376953,
    "day_4": 0.5500556230545044,
    "day_5": 0.568183183670044,
    "day_6": 0.5807734727859497,
    "day_7": 0.590245246887207
  }
}