{
  "epochs_trained": 8,
  "best_val_loss": 1.0162283083767567,
  "mean_rmse": {
    "model": 0.7122500538825989,
    "persistence": 0.5806808471679688,
    "skill": -0.22657748633574637
  },
  "rmse_per_step": {
    "day_1": {
      "model": 0.7039867639541626,
      "persistence": 0.32529908418655396,
      "skill": -1.1641216278076172
    },
    "day_2": {
      "model": 0.7067304253578186,
      "persistence": 0.4916379451751709,
      "skill": -0.43750178813934326
    },
    "day_3": {
      "model": 0.7096512317657471,
      "persistence": 0.5803226828575134,
      "skill": -0.2228562831878662
    },
    "day_4": {
      "model": 0.7145841121673584,
      "persistence": 0.6293068528175354,
      "skill": -0.13550984859466553
    },
    "day_5": {
      "model": 0.7167310118675232,
      "persistence": 0.6601645946502686,
      "skill": -0.0856853723526001
    },
    "day_6": {
      "model": 0.7173917293548584,
      "persistence": 0.6813382506370544,
      "skill": -0.05291569232940674
    },
    "day_7": {
      "model": 0.7166749238967896,
      "persistence": 0.6966967582702637,
      "skill": -0.028675556182861328
    }
  }
}