{
  "epochs_trained": 7,
  "best_val_loss": 0.8806848020553589,
  "mean_rmse": {
    "model": 0.6283466219902039
  },
  "rmse_per_step": {
    "day_1": 0.6104995608329773,
    "day_2": 0.6189468502998352,
    "day_3": 0.6241510510444641,
    "day_4": 0.6298412084579468,
    "day_5": 0.63527911901474,
    "day_6": 0.6382474303245544,
    "day_7": 0.6414612531661987
  }
}