{
  "epochs_trained": 9,
  "best_val_loss": 0.5487800223827362,
  "mean_rmse": {
    "model": 0.5081408619880676
  },
  "rmse_per_step": {
    "day_1": 0.3313746452331543,
    "day_2": 0.4547611176967621,
    "day_3": 0.51312255859375,
    "day_4": 0.5418677926063538,
    "day_5": 0.5597501993179321,
    "day_6": 0.5729464292526245,
    "day_7": 0.583162784576416
  }
}