{
  "epochs_trained": 6,
  "best_val_loss": 0.6894812188148498,
  "mean_rmse": {
    "model": 0.5079259276390076
  },
  "rmse_per_step": {
    "day_1": 0.3134884834289551,
    "day_2": 0.45045775175094604,
    "day_3": 0.5137849450111389,
    "day_4": 0.5458198189735413,
    "day_5": 0.5648496747016907,
    "day_6": 0.5780572295188904,
    "day_7": 0.5890236496925354
  }
}