{
  "epochs_trained": 13,
  "best_val_loss": 0.5615701388120651,
  "mean_rmse": {
    "model": 0.5022326707839966
  },
  "rmse_per_step": {
    "day_1": 0.30964136123657227,
    "day_2": 0.44752442836761475,
    "day_3": 0.5099592804908752,
    "day_4": 0.5396887063980103,
    "day_5": 0.5575840473175049,
    "day_6": 0.570263147354126,
    "day_7": 0.5809675455093384
  }
}