{
  "epochs_trained": 10,
  "best_val_loss": 0.9664220886230469,
  "mean_rmse": {
    "model": 0.6359737515449524
  },
  "rmse_per_step": {
    "day_1": 0.6205931305885315,
    "day_2": 0.6264824271202087,
    "day_3": 0.6320218443870544,
    "day_4": 0.6364519000053406,
    "day_5": 0.6406697034835815,
    "day_6": 0.6452829837799072,
    "day_7": 0.6503141522407532
  }
}