{
  "model_type": "lstm",
  "context_len": 90,
  "horizon": 7,
  "batch_size": 16,
  "hidden_size": 256,
  "d_spatial": 64,
  "num_layers": 2,
  "dropout": 0.2561041855492628,
  "anomaly_alpha": 0.04542780233017574,
  "num_epochs": 50,
  "early_stop_patience": 5,
  "learning_rate": 0.0001862841138811369,
  "weight_decay": 0.0001,
  "grad_clip": 1.0,
  "lr_factor": 0.7087718335040774,
  "lr_patience": 5,
  "random_seed": 42,
  "optuna_trial": 13
}