{
  "epochs_trained": 7,
  "best_val_loss": 0.8259067678451538,
  "mean_rmse": {
    "model": 0.6040484309196472
  },
  "rmse_per_step": {
    "day_1": 0.5774772763252258,
    "day_2": 0.5883908271789551,
    "day_3": 0.5979798436164856,
    "day_4": 0.6058797836303711,
    "day_5": 0.6128987073898315,
    "day_6": 0.6194123029708862,
    "day_7": 0.6263003945350647
  }
}