{
  "epochs_trained": 6,
  "best_val_loss": 0.7000005316734313,
  "mean_rmse": {
    "model": 0.5021407008171082
  },
  "rmse_per_step": {
    "day_1": 0.31552621722221375,
    "day_2": 0.4484655559062958,
    "day_3": 0.5097775459289551,
    "day_4": 0.538690984249115,
    "day_5": 0.5557921528816223,
    "day_6": 0.5682170987129211,
    "day_7": 0.5785155296325684
  }
}