epoch,train_mse,val_mse,lr,elapsed_s
1,1.4107747822999954,1.3545849323272705,0.001,4.898665185784921
2,0.998775701969862,1.7357800602912903,0.001,9.911532266996801
