{
  "epochs_trained": 7,
  "best_val_loss": 0.968058885590544,
  "mean_rmse": {
    "model": 0.7164486050605774,
    "persistence": 0.5806808471679688,
    "skill": -0.23380788010274478
  },
  "rmse_per_step": {
    "day_1": {
      "model": 0.7112621068954468,
      "persistence": 0.32529908418655396,
      "skill": -1.1864867210388184
    },
    "day_2": {
      "model": 0.7140243053436279,
      "persistence": 0.4916379451751709,
      "skill": -0.4523376226425171
    },
    "day_3": {
      "model": 0.7173639535903931,
      "persistence": 0.5803226828575134,
      "skill": -0.2361466884613037
    },
    "day_4": {
      "model": 0.717117428779602,
      "persistence": 0.6293068528175354,
      "skill": -0.13953542709350586
    },
    "day_5": {
      "model": 0.7171862721443176,
      "persistence": 0.6601645946502686,
      "skill": -0.08637499809265137
    },
    "day_6": {
      "model": 0.7184250354766846,
      "persistence": 0.6813382506370544,
      "skill": -0.05443227291107178
    },
    "day_7": {
      "model": 0.7197609543800354,
      "persistence": 0.6966967582702637,
      "skill": -0.03310501575469971
    }
  }
}