{
  "epochs_trained": 7,
  "best_val_loss": 0.6935521926879883,
  "mean_rmse": {
    "model": 0.5113078951835632
  },
  "rmse_per_step": {
    "day_1": 0.33550453186035156,
    "day_2": 0.4602254331111908,
    "day_3": 0.5178957581520081,
    "day_4": 0.5453500747680664,
    "day_5": 0.5618218779563904,
    "day_6": 0.5739558339118958,
    "day_7": 0.5844019055366516
  }
}