{
  "train": [
    0.6422847193093308,
    0.5917967259129979,
    0.5844043334371548,
    0.5814923610894173,
    0.579703705914871,
    0.5779366473855618,
    0.576028136931915,
    0.5754787756858992,
    0.5757734054001094,
    0.5731141276630035,
    0.5715744124008166
  ],
  "val": [
    0.6687474479675293,
    0.6455310802459717,
    0.6385933599472046,
    0.6632794988155365,
    0.649364670753479,
    0.6324166629314423,
    0.6456771283149719,
    0.6438332540988922,
    0.6447500574588776,
    0.6343594195842743,
    0.6428023176193237
  ]
}