{
  "model_type": "patch_transformer",
  "n_params": 712821,
  "epochs_trained": 11,
  "mean_rmse": 0.5120711326599121,
  "mean_skill": 0.10551919043064117,
  "bic": -8643446.333216785,
  "rmse_steps": [
    0.33315691351890564,
    0.45773550868034363,
    0.5167685747146606,
    0.5468679070472717,
    0.5651444792747498,
    0.5777158737182617,
    0.5871086716651917
  ],
  "pers_rmse_steps": [
    0.32529908418655396,
    0.4916379451751709,
    0.5803226828575134,
    0.6293068528175354,
    0.6601645946502686,
    0.6813382506370544,
    0.6966967582702637
  ],
  "skill_steps": [
    -0.024155735969543457,
    0.06895816326141357,
    0.10951513051986694,
    0.1309996247291565,
    0.1439339518547058,
    0.1520865559577942,
    0.15729665756225586
  ],
  "example_idx": 100,
  "example_date": "1999-07-10"
}