{
  "persistence": [
    0.3246035873889923,
    0.4901482164859772,
    0.5780498385429382,
    0.6266493797302246,
    0.6573237776756287,
    0.6779382824897766,
    0.6923603415489197,
    0.7030495405197144,
    0.7132357358932495,
    0.7260032296180725,
    0.7398725152015686,
    0.7529112696647644,
    0.7647343873977661,
    0.7762352228164673,
    0.7854337096214294,
    0.7914890050888062,
    0.7962791323661804,
    0.8016039729118347,
    0.8080365657806396,
    0.8143298029899597,
    0.820212721824646,
    0.8257380127906799,
    0.8315378427505493,
    0.8368907570838928,
    0.841395914554596,
    0.8461222052574158,
    0.852154016494751,
    0.8585532903671265,
    0.8641115427017212,
    0.8678975701332092
  ],
  "climatology": [
    0.7807077169418335,
    0.7801666259765625,
    0.7797020077705383,
    0.7792302370071411,
    0.7786999940872192,
    0.7779862880706787,
    0.7772922515869141,
    0.7766385078430176,
    0.7762197852134705,
    0.7758840322494507,
    0.7755107879638672,
    0.7750139236450195,
    0.7744442224502563,
    0.7738131284713745,
    0.773356020450592,
    0.7732186913490295,
    0.7731732726097107,
    0.7729563117027283,
    0.7728313207626343,
    0.7728279829025269,
    0.7727159857749939,
    0.7723655700683594,
    0.771864652633667,
    0.771573543548584,
    0.7715033292770386,
    0.7714499831199646,
    0.7713952660560608,
    0.7713859677314758,
    0.7717680335044861,
    0.7725095748901367
  ],
  "patch_transformer": [
    0.33219674229621887,
    0.47511550784111023,
    0.5566984415054321,
    0.6152946352958679,
    0.6668974161148071,
    0.7158467769622803,
    0.7630563974380493,
    0.8097651600837708,
    0.8569796681404114,
    0.9049171209335327,
    0.95241379737854,
    0.9983465075492859,
    1.0427286624908447,
    1.0848970413208008,
    1.1236463785171509,
    1.1586847305297852,
    1.1901650428771973,
    1.218690276145935,
    1.2443853616714478,
    1.2672661542892456,
    1.2876694202423096,
    1.3058946132659912,
    1.3218282461166382,
    1.335639476776123,
    1.3473899364471436,
    1.3573817014694214,
    1.3658374547958374,
    1.3729416131973267,
    1.3788138628005981,
    1.3836872577667236
  ],
  "convlstm": [
    0.3100093603134155,
    0.47154363989830017,
    0.5583834648132324,
    0.6140101552009583,
    0.6581331491470337,
    0.6968728303909302,
    0.7301033735275269,
    0.7595034241676331,
    0.7883496284484863,
    0.8187786936759949,
    0.8511363863945007,
    0.8837016820907593,
    0.9152730107307434,
    0.9452366232872009,
    0.9725632667541504,
    0.9971734285354614,
    1.0204917192459106,
    1.043696403503418,
    1.0663695335388184,
    1.0873541831970215,
    1.1058465242385864,
    1.1227959394454956,
    1.139223337173462,
    1.1569206714630127,
    1.1759710311889648,
    1.1962159872055054,
    1.2159608602523804,
    1.233819842338562,
    1.2484557628631592,
    1.2609812021255493
  ],
  "tubelet": [
    0.32109197974205017,
    0.4653315246105194,
    0.5388782024383545,
    0.5845346450805664,
    0.620089054107666,
    0.6512870192527771,
    0.6813217401504517,
    0.7117673754692078,
    0.7426847815513611,
    0.7729060649871826,
    0.8016064167022705,
    0.828045129776001,
    0.8524014353752136,
    0.8753219246864319,
    0.8957620859146118,
    0.9118603467941284,
    0.9258483648300171,
    0.9395013451576233,
    0.9525088667869568,
    0.9644812941551208,
    0.9748811721801758,
    0.9851914644241333,
    0.9968234300613403,
    1.0090473890304565,
    1.0213775634765625,
    1.0326530933380127,
    1.0450420379638672,
    1.0589687824249268,
    1.0731314420700073,
    1.085638165473938
  ]
}