{
  "patch_transformer": [
    0.5744928158293469,
    0.3910076488514346,
    0.2860112761576149,
    0.21038146869263596,
    0.1435759327357713,
    0.07987224461564435,
    0.01831467394638364,
    -0.042653888400095985,
    -0.104042546280537,
    -0.16630460651444,
    -0.22811160355246418,
    -0.2881658988188187,
    -0.34642190136271656,
    -0.40201426081249814,
    -0.45294838186229414,
    -0.4985213672321289,
    -0.5393251228925751,
    -0.5766612649314027,
    -0.6101642470228579,
    -0.6397777802115117,
    -0.6664200611183735,
    -0.6907726909038825,
    -0.7125129925388463,
    -0.7310591944784863,
    -0.7464473390020983,
    -0.7595200352196279,
    -0.7706064775053674,
    -0.7798374233263938,
    -0.7865651373763247,
    -0.7911587153641508
  ],
  "convlstm": [
    0.602912391428926,
    0.3955859886879266,
    0.28385016423151066,
    0.21202986480704122,
    0.1548309308535597,
    0.10426078058637911,
    0.06070931231212806,
    0.022063139417300204,
    -0.01562681532483734,
    -0.05528488748786797,
    -0.09751714560824021,
    -0.14023974941580808,
    -0.18184497243057773,
    -0.2215308690283715,
    -0.2575880203111256,
    -0.2896395802275544,
    -0.31987454222443557,
    -0.3502657106250706,
    -0.3798218380778342,
    -0.40698086411573997,
    -0.431116405763859,
    -0.45371050051612327,
    -0.4759366597321646,
    -0.4994301983737788,
    -0.5242591788825401,
    -0.5506073152891462,
    -0.5763136147688142,
    -0.599484426670388,
    -0.6176567422650348,
    -0.632317893671261
  ],
  "tubelet": [
    0.588716785073135,
    0.40354853807281577,
    0.3088664681277271,
    0.2498563103433452,
    0.20368683855645153,
    0.16285540087358352,
    0.12346773204097905,
    0.08352809153640661,
    0.04320297459679778,
    0.003838160264278523,
    -0.033649601196288126,
    -0.06842613340618042,
    -0.10066214023562492,
    -0.13117998710564982,
    -0.15827906194187324,
    -0.17930458354959278,
    -0.19746555866446136,
    -0.2154650022690372,
    -0.23249257787199373,
    -0.2479896115210496,
    -0.26162935687479116,
    -0.27555072701769645,
    -0.2914484769578385,
    -0.30777862650615817,
    -0.32387965769853055,
    -0.3385872265647967,
    -0.3547426124441879,
    -0.37281312692164525,
    -0.39048444024958373,
    -0.40533942977772575
  ]
}