{
  "epochs_trained": 6,
  "best_val_loss": 0.6825886948108673,
  "mean_rmse": {
    "model": 0.509803295135498
  },
  "rmse_per_step": {
    "day_1": 0.3414280116558075,
    "day_2": 0.4564717710018158,
    "day_3": 0.513338029384613,
    "day_4": 0.5420231819152832,
    "day_5": 0.559678852558136,
    "day_6": 0.572614312171936,
    "day_7": 0.5830689072608948
  }
}