{
  "epochs_trained": 8,
  "best_val_loss": 0.8151322736740112,
  "mean_rmse": {
    "model": 0.5897652506828308
  },
  "rmse_per_step": {
    "day_1": 0.5499911904335022,
    "day_2": 0.5682348608970642,
    "day_3": 0.58294677734375,
    "day_4": 0.5941798090934753,
    "day_5": 0.6033324599266052,
    "day_6": 0.611526370048523,
    "day_7": 0.6181457042694092
  }
}