{
  "epochs_trained": 9,
  "best_val_loss": 1.0706235496997834,
  "mean_rmse": {
    "model": 0.6499876976013184
  },
  "rmse_per_step": {
    "day_1": 0.6411399245262146,
    "day_2": 0.6446342468261719,
    "day_3": 0.6492865085601807,
    "day_4": 0.6499654054641724,
    "day_5": 0.6518767476081848,
    "day_6": 0.6562357544898987,
    "day_7": 0.6567753553390503
  }
}