{
  "epochs_trained": 6,
  "best_val_loss": 0.8187492842674255,
  "mean_rmse": {
    "model": 0.5746971964836121
  },
  "rmse_per_step": {
    "day_1": 0.4958350658416748,
    "day_2": 0.5434356927871704,
    "day_3": 0.5719680786132812,
    "day_4": 0.5889933705329895,
    "day_5": 0.6012290716171265,
    "day_6": 0.6084725856781006,
    "day_7": 0.6129468679428101
  }
}