{
  "model_type": "convlstm",
  "context_len": 90,
  "horizon": 7,
  "batch_size": 2,
  "hidden_dim": 32,
  "n_layers": 4,
  "hidden_channels": [
    32,
    32,
    32,
    32
  ],
  "kernel_size": 3,
  "dropout": 0.007867793844209658,
  "anomaly_alpha": 0.07226239928836188,
  "num_epochs": 50,
  "early_stop_patience": 5,
  "learning_rate": 0.0007241713643229663,
  "weight_decay": 0.0001,
  "grad_clip": 1.0,
  "lr_factor": 0.5521171841007243,
  "lr_patience": 5,
  "random_seed": 42,
  "optuna_trial": 13
}