{
  "epochs_trained": 6,
  "best_val_loss": 0.6022800340652466,
  "mean_rmse": {
    "model": 0.5024111270904541
  },
  "rmse_per_step": {
    "day_1": 0.3114453852176666,
    "day_2": 0.45074570178985596,
    "day_3": 0.5110495090484619,
    "day_4": 0.5388790965080261,
    "day_5": 0.5562993884086609,
    "day_6": 0.5693567395210266,
    "day_7": 0.579102098941803
  }
}