{
  "epochs_trained": 8,
  "best_val_loss": 0.7586535935401917,
  "mean_rmse": {
    "model": 0.5918245315551758
  },
  "rmse_per_step": {
    "day_1": 0.5579743981361389,
    "day_2": 0.5715673565864563,
    "day_3": 0.5846423506736755,
    "day_4": 0.5947765707969666,
    "day_5": 0.6040070652961731,
    "day_6": 0.6113880276679993,
    "day_7": 0.6184158325195312
  }
}