{
  "epochs_trained": 8,
  "best_val_loss": 0.6185043725967407,
  "mean_rmse": {
    "model": 0.508926510810852
  },
  "rmse_per_step": {
    "day_1": 0.3268631398677826,
    "day_2": 0.4541298747062683,
    "day_3": 0.5148949027061462,
    "day_4": 0.5450390577316284,
    "day_5": 0.5627508759498596,
    "day_6": 0.5743618011474609,
    "day_7": 0.5844460129737854
  }
}