{
  "epochs_trained": 12,
  "best_val_loss": 0.5869949703216553,
  "mean_rmse": {
    "model": 0.5061161518096924
  },
  "rmse_per_step": {
    "day_1": 0.3217404782772064,
    "day_2": 0.44765663146972656,
    "day_3": 0.5102453827857971,
    "day_4": 0.541574239730835,
    "day_5": 0.5614137053489685,
    "day_6": 0.5749903321266174,
    "day_7": 0.5851922035217285
  }
}