{
  "epochs_trained": 7,
  "best_val_loss": 0.6655143909454345,
  "mean_rmse": {
    "model": 0.5185075402259827
  },
  "rmse_per_step": {
    "day_1": 0.3475376069545746,
    "day_2": 0.4646892249584198,
    "day_3": 0.5220714807510376,
    "day_4": 0.5514714121818542,
    "day_5": 0.570093035697937,
    "day_6": 0.5824176669120789,
    "day_7": 0.5912720561027527
  }
}