{
  "epochs_trained": 11,
  "best_val_loss": 0.5469952096939087,
  "mean_rmse": {
    "model": 0.5058914422988892,
    "persistence": 0.5806808471679688,
    "skill": 0.12879605937380934
  },
  "mean_mae": {
    "model": 0.3930846154689789,
    "persistence": 0.4447568356990814,
    "skill": 0.11618083429540249
  },
  "rmse_per_step": {
    "day_1": {
      "model": 0.33221837878227234,
      "persistence": 0.32529908418655396,
      "skill": -0.0212705135345459
    },
    "day_2": {
      "model": 0.45101311802864075,
      "persistence": 0.4916379451751709,
      "skill": 0.08263158798217773
    },
    "day_3": {
      "model": 0.5092035531997681,
      "persistence": 0.5803226828575134,
      "skill": 0.12255102396011353
    },
    "day_4": {
      "model": 0.5398651957511902,
      "persistence": 0.6293068528175354,
      "skill": 0.14212727546691895
    },
    "day_5": {
      "model": 0.5579264163970947,
      "persistence": 0.6601645946502686,
      "skill": 0.15486770868301392
    },
    "day_6": {
      "model": 0.570247232913971,
      "persistence": 0.6813382506370544,
      "skill": 0.16304826736450195
    },
    "day_7": {
      "model": 0.5807662010192871,
      "persistence": 0.6966967582702637,
      "skill": 0.16640031337738037
    }
  }
}