{
  "persistence": [
    0.3246036767959595,
    0.4901482164859772,
    0.5780497193336487,
    0.6266492605209351,
    0.6573238372802734,
    0.6779384613037109,
    0.6923602819442749,
    0.7030495405197144,
    0.71323561668396,
    0.7260033488273621,
    0.7398727536201477,
    0.7529112696647644,
    0.7647343873977661,
    0.7762352228164673,
    0.7854336500167847,
    0.7914890050888062,
    0.79627925157547,
    0.8016039729118347,
    0.8080368041992188,
    0.8143297433853149,
    0.8202129006385803,
    0.8257380723953247,
    0.8315379023551941,
    0.8368909358978271,
    0.8413960933685303,
    0.8461220860481262,
    0.8521541953086853,
    0.8585529327392578,
    0.8641114234924316,
    0.8678975105285645
  ],
  "climatology": [
    0.7807076573371887,
    0.780166506767273,
    0.779702365398407,
    0.7792303562164307,
    0.7787001729011536,
    0.7779864072799683,
    0.777292013168335,
    0.7766384482383728,
    0.7762197852134705,
    0.7758841514587402,
    0.7755106687545776,
    0.77501380443573,
    0.7744442820549011,
    0.7738133668899536,
    0.773356020450592,
    0.7732188701629639,
    0.7731732130050659,
    0.7729560732841492,
    0.7728313207626343,
    0.7728278636932373,
    0.7727160453796387,
    0.7723656296730042,
    0.7718647122383118,
    0.771573543548584,
    0.7715034484863281,
    0.771449863910675,
    0.7713951468467712,
    0.7713860869407654,
    0.7717683911323547,
    0.7725095748901367
  ],
  "convlstm": [
    0.30709871649742126,
    0.4586898684501648,
    0.5343112349510193,
    0.5761234164237976,
    0.6043590903282166,
    0.6274603605270386,
    0.6489997506141663,
    0.6699050664901733,
    0.6916281580924988,
    0.7148593068122864,
    0.7384198904037476,
    0.7609041333198547,
    0.7822248339653015,
    0.802747905254364,
    0.8225929737091064,
    0.841623067855835,
    0.8606372475624084,
    0.8795528411865234,
    0.8980092406272888,
    0.9158122539520264,
    0.9326848387718201,
    0.9499335885047913,
    0.9675076603889465,
    0.9856562614440918,
    1.00395929813385,
    1.0224249362945557,
    1.040211796760559,
    1.0568957328796387,
    1.0722743272781372,
    1.0866531133651733
  ]
}