{
  "epochs_trained": 6,
  "best_val_loss": 0.9110213632583618,
  "mean_rmse": {
    "model": 0.6120944023132324
  },
  "rmse_per_step": {
    "day_1": 0.5880281329154968,
    "day_2": 0.5966571569442749,
    "day_3": 0.6077575087547302,
    "day_4": 0.6147493720054626,
    "day_5": 0.6203775405883789,
    "day_6": 0.6258001923561096,
    "day_7": 0.6312907338142395
  }
}