{
  "train": [
    0.6078726053237915,
    0.5980959534645081,
    0.5911932587623596,
    0.5858166813850403,
    0.5841854810714722,
    0.5810109972953796,
    0.579375147819519,
    0.577136218547821,
    0.5766136646270752,
    0.5741647481918335,
    0.573373556137085,
    0.572539210319519,
    0.5701351165771484
  ],
  "val": [
    0.6814080476760864,
    0.6898784637451172,
    0.6653100848197937,
    0.6602014899253845,
    0.663123369216919,
    0.660992443561554,
    0.6892727017402649,
    0.6485517621040344,
    0.6796898245811462,
    0.6541067957878113,
    0.6846970319747925,
    0.6606698036193848,
    0.6675450801849365
  ]
}