{
  "model_type": "convlstm",
  "n_params": 1236167,
  "epochs_trained": 13,
  "mean_rmse": 0.4992696940898895,
  "mean_skill": 0.13259108364582062,
  "bic": -1126101.2665569596,
  "rmse_steps": [
    0.3046240210533142,
    0.44293180108070374,
    0.5069695711135864,
    0.537679135799408,
    0.5559678077697754,
    0.5684722661972046,
    0.5782433748245239
  ],
  "pers_rmse_steps": [
    0.32529908418655396,
    0.49163782596588135,
    0.5803227424621582,
    0.629306972026825,
    0.6601647138595581,
    0.6813383102416992,
    0.6966968178749084
  ],
  "skill_steps": [
    0.06355708837509155,
    0.09906893968582153,
    0.1264006495475769,
    0.14560115337371826,
    0.1578347086906433,
    0.16565346717834473,
    0.17002153396606445
  ],
  "example_idx": 100,
  "example_date": "1999-07-10"
}