{
  "epochs_trained": 38,
  "best_val_loss": 0.5772680115699768,
  "mean_rmse": {
    "model": 0.507953941822052
  },
  "rmse_per_step": {
    "day_1": 0.3316217362880707,
    "day_2": 0.4533444344997406,
    "day_3": 0.5115745663642883,
    "day_4": 0.541479766368866,
    "day_5": 0.5601413249969482,
    "day_6": 0.5735496282577515,
    "day_7": 0.5839657187461853
  }
}