{
  "epochs_trained": 11,
  "best_val_loss": 0.5903431284427643,
  "mean_rmse": {
    "model": 0.5040125250816345
  },
  "rmse_per_step": {
    "day_1": 0.3257460296154022,
    "day_2": 0.4493230879306793,
    "day_3": 0.5083737969398499,
    "day_4": 0.5378162860870361,
    "day_5": 0.5562318563461304,
    "day_6": 0.5698953866958618,
    "day_7": 0.5807014107704163
  }
}