{
  "epochs_trained": 7,
  "best_val_loss": 0.8026561536788941,
  "mean_rmse": {
    "model": 0.6009207963943481
  },
  "rmse_per_step": {
    "day_1": 0.5729411840438843,
    "day_2": 0.5845605134963989,
    "day_3": 0.5952620506286621,
    "day_4": 0.6035392880439758,
    "day_5": 0.6104655861854553,
    "day_6": 0.6168114542961121,
    "day_7": 0.6228656768798828
  }
}