{
  "epochs_trained": 33,
  "best_val_loss": 0.6564813079833984,
  "mean_rmse": {
    "model": 0.5068356990814209
  },
  "rmse_per_step": {
    "day_1": 0.3219544291496277,
    "day_2": 0.4520304799079895,
    "day_3": 0.5118812918663025,
    "day_4": 0.5422595739364624,
    "day_5": 0.560728907585144,
    "day_6": 0.5741816759109497,
    "day_7": 0.5848134160041809
  }
}