{
  "train": [
    0.6084182858467102,
    0.5909773707389832,
    0.5930966734886169,
    0.5864257216453552,
    0.5820674300193787,
    0.5808197855949402,
    0.5779098272323608,
    0.5766641497612,
    0.5750770568847656,
    0.5732283592224121,
    0.5710951685905457,
    0.5705600380897522,
    0.5685959458351135
  ],
  "val": [
    0.7105700373649597,
    0.6668926477432251,
    0.6675259470939636,
    0.6635231375694275,
    0.7018979787826538,
    0.6858137249946594,
    0.6527096629142761,
    0.6447347402572632,
    0.660952091217041,
    0.6482530236244202,
    0.6571781635284424,
    0.6559027433395386,
    0.66959148645401
  ]
}