{
  "model_type": "convlstm",
  "n_params": 1236167,
  "epochs_trained": 13,
  "mean_rmse": 0.4978795349597931,
  "mean_skill": 0.13473179936408997,
  "bic": -1333845.298374746,
  "rmse_steps": [
    0.3049311935901642,
    0.44216641783714294,
    0.5052140951156616,
    0.5356404781341553,
    0.5536922216415405,
    0.5665153861045837,
    0.5769970417022705
  ],
  "pers_rmse_steps": [
    0.32529908418655396,
    0.49163782596588135,
    0.5803227424621582,
    0.629306972026825,
    0.6601647138595581,
    0.6813383102416992,
    0.6966968178749084
  ],
  "skill_steps": [
    0.06261283159255981,
    0.10062569379806519,
    0.12942564487457275,
    0.14884072542190552,
    0.16128170490264893,
    0.1685255765914917,
    0.17181044816970825
  ],
  "example_idx": 100,
  "example_date": "1999-07-10"
}