{
  "persistence": [
    0.3231000006198883,
    0.48802199959754944,
    0.575553834438324,
    0.6238207221031189,
    0.654125988483429,
    0.6741143465042114,
    0.6879980564117432,
    0.6984875202178955,
    0.7084741592407227,
    0.721218466758728,
    0.7353130578994751,
    0.7485933899879456,
    0.7603509426116943,
    0.7715044021606445,
    0.780204176902771,
    0.7857030630111694,
    0.7900860905647278,
    0.7952662110328674,
    0.8016123175621033,
    0.807736873626709,
    0.8134266138076782,
    0.818816602230072,
    0.8245591521263123,
    0.829562246799469,
    0.8336195349693298,
    0.8380866646766663,
    0.8442482948303223,
    0.8510172963142395,
    0.8566750288009644,
    0.8601885437965393,
    0.861532986164093,
    0.8620554804801941,
    0.863365113735199,
    0.8650233149528503,
    0.8672688603401184,
    0.8700874447822571,
    0.8731151223182678,
    0.8752127885818481,
    0.8761672973632812,
    0.8766709566116333,
    0.877071738243103,
    0.876958966255188,
    0.8779310584068298,
    0.881026566028595,
    0.8866657614707947,
    0.8913982510566711,
    0.8939850330352783,
    0.8956437706947327,
    0.8966944217681885
  ],
  "climatology": [
    0.771867036819458,
    0.7717912793159485,
    0.7715532779693604,
    0.7712268829345703,
    0.7709185481071472,
    0.7707390189170837,
    0.7706962823867798,
    0.7708373665809631,
    0.7711299657821655,
    0.7716959714889526,
    0.7724746465682983,
    0.7728930115699768,
    0.772824227809906,
    0.7726689577102661,
    0.7725903987884521,
    0.7726075053215027,
    0.7727629542350769,
    0.7727587819099426,
    0.7727401256561279,
    0.7727301716804504,
    0.7725241184234619,
    0.7723663449287415,
    0.7722355127334595,
    0.7721816301345825,
    0.77208411693573,
    0.7718693017959595,
    0.7716206908226013,
    0.7713550925254822,
    0.7712012529373169,
    0.771075963973999,
    0.7708340287208557,
    0.7706329226493835,
    0.7704731822013855,
    0.7704445719718933,
    0.7703782916069031,
    0.7702272534370422,
    0.7700136303901672,
    0.7698175311088562,
    0.7696634531021118,
    0.7695879936218262,
    0.7691344618797302,
    0.7686368227005005,
    0.7682185173034668,
    0.7679425477981567,
    0.7677795886993408,
    0.7676075100898743,
    0.7676056623458862,
    0.7680137753486633,
    0.7687912583351135
  ],
  "tubelet": [
    0.320173054933548,
    0.44440171122550964,
    0.5038489699363708,
    0.5337831974029541,
    0.5520001649856567,
    0.5644027590751648,
    0.5737537145614624,
    0.5848082304000854,
    0.594854474067688,
    0.6044880747795105,
    0.6142386794090271,
    0.6221429705619812,
    0.6285185813903809,
    0.6349181532859802,
    0.653109610080719,
    0.6632139682769775,
    0.6678128242492676,
    0.671220064163208,
    0.6735931038856506,
    0.6749858260154724,
    0.6763926148414612,
    0.6981526613235474,
    0.7088138461112976,
    0.7134823203086853,
    0.7170789241790771,
    0.7193552255630493,
    0.7207753658294678,
    0.7231715321540833,
    0.7559393048286438,
    0.7693700790405273,
    0.772859513759613,
    0.7745058536529541,
    0.7742077112197876,
    0.7718021273612976,
    0.7715124487876892,
    0.8140423893928528,
    0.8271700739860535,
    0.8290852308273315,
    0.8293017745018005,
    0.8269384503364563,
    0.8225082755088806,
    0.8199440836906433,
    0.8753827214241028,
    0.8878764510154724,
    0.8883769512176514,
    0.88857102394104,
    0.885959267616272,
    0.879939079284668,
    0.8754425048828125
  ]
}