{
  "persistence": [
    0.3231000006198883,
    0.48802199959754944,
    0.575553834438324,
    0.6238207221031189,
    0.654125988483429,
    0.6741143465042114,
    0.6879980564117432,
    0.6984875202178955,
    0.7084741592407227,
    0.721218466758728,
    0.7353130578994751,
    0.7485933899879456,
    0.7603509426116943,
    0.7715044021606445,
    0.780204176902771,
    0.7857030630111694,
    0.7900860905647278,
    0.7952662110328674,
    0.8016123175621033,
    0.807736873626709,
    0.8134266138076782,
    0.818816602230072,
    0.8245591521263123,
    0.829562246799469,
    0.8336195349693298,
    0.8380866646766663,
    0.8442482948303223,
    0.8510172963142395,
    0.8566750288009644,
    0.8601885437965393,
    0.861532986164093,
    0.8620554804801941,
    0.863365113735199,
    0.8650233149528503,
    0.8672688603401184,
    0.8700874447822571,
    0.8731151223182678,
    0.8752127885818481,
    0.8761672973632812,
    0.8766709566116333,
    0.877071738243103,
    0.876958966255188,
    0.8779310584068298,
    0.881026566028595,
    0.8866657614707947,
    0.8913982510566711,
    0.8939850330352783,
    0.8956437706947327,
    0.8966944217681885
  ],
  "climatology": [
    0.771867036819458,
    0.7717912793159485,
    0.7715532779693604,
    0.7712268829345703,
    0.7709185481071472,
    0.7707390189170837,
    0.7706962823867798,
    0.7708373665809631,
    0.7711299657821655,
    0.7716959714889526,
    0.7724746465682983,
    0.7728930115699768,
    0.772824227809906,
    0.7726689577102661,
    0.7725903987884521,
    0.7726075053215027,
    0.7727629542350769,
    0.7727587819099426,
    0.7727401256561279,
    0.7727301716804504,
    0.7725241184234619,
    0.7723663449287415,
    0.7722355127334595,
    0.7721816301345825,
    0.77208411693573,
    0.7718693017959595,
    0.7716206908226013,
    0.7713550925254822,
    0.7712012529373169,
    0.771075963973999,
    0.7708340287208557,
    0.7706329226493835,
    0.7704731822013855,
    0.7704445719718933,
    0.7703782916069031,
    0.7702272534370422,
    0.7700136303901672,
    0.7698175311088562,
    0.7696634531021118,
    0.7695879936218262,
    0.7691344618797302,
    0.7686368227005005,
    0.7682185173034668,
    0.7679425477981567,
    0.7677795886993408,
    0.7676075100898743,
    0.7676056623458862,
    0.7680137753486633,
    0.7687912583351135
  ],
  "patch_transformer": [
    0.3286378085613251,
    0.4520668089389801,
    0.5102454423904419,
    0.5392334461212158,
    0.5570793747901917,
    0.5689353942871094,
    0.5776031017303467,
    0.5965845584869385,
    0.6058976054191589,
    0.615933358669281,
    0.6233776211738586,
    0.6292240619659424,
    0.6333802938461304,
    0.6370012164115906,
    0.6643468141555786,
    0.6714125871658325,
    0.6761055588722229,
    0.6765064001083374,
    0.6757147908210754,
    0.6735105514526367,
    0.6707144379615784,
    0.707945704460144,
    0.7169538736343384,
    0.7227997183799744,
    0.722732424736023,
    0.7209122180938721,
    0.7180739641189575,
    0.7144451141357422,
    0.7712652087211609,
    0.7824603915214539,
    0.7871890068054199,
    0.7840162515640259,
    0.777501106262207,
    0.7690649628639221,
    0.7596184611320496,
    0.8330920934677124,
    0.8450531959533691,
    0.8495166301727295,
    0.8447828888893127,
    0.8357941508293152,
    0.8247190713882446,
    0.8114871978759766,
    0.9030099511146545,
    0.9146356582641602,
    0.9176859259605408,
    0.910892903804779,
    0.8983403444290161,
    0.8833074569702148,
    0.8657103776931763
  ]
}