{
  "persistence": [
    0.3231000006198883,
    0.48802199959754944,
    0.575553834438324,
    0.6238207221031189,
    0.654125988483429,
    0.6741143465042114,
    0.6879980564117432,
    0.6984875202178955,
    0.7084741592407227,
    0.721218466758728,
    0.7353130578994751,
    0.7485933899879456,
    0.7603509426116943,
    0.7715044021606445,
    0.780204176902771,
    0.7857030630111694,
    0.7900860905647278,
    0.7952662110328674,
    0.8016123175621033,
    0.807736873626709,
    0.8134266138076782,
    0.818816602230072,
    0.8245591521263123,
    0.829562246799469,
    0.8336195349693298,
    0.8380866646766663,
    0.8442482948303223,
    0.8510172963142395,
    0.8566750288009644,
    0.8601885437965393,
    0.861532986164093,
    0.8620554804801941,
    0.863365113735199,
    0.8650233149528503,
    0.8672688603401184,
    0.8700874447822571,
    0.8731151223182678,
    0.8752127885818481,
    0.8761672973632812,
    0.8766709566116333,
    0.877071738243103,
    0.876958966255188,
    0.8779310584068298,
    0.881026566028595,
    0.8866657614707947,
    0.8913982510566711,
    0.8939850330352783,
    0.8956437706947327,
    0.8966944217681885
  ],
  "climatology": [
    0.771867036819458,
    0.7717912793159485,
    0.7715532779693604,
    0.7712268829345703,
    0.7709185481071472,
    0.7707390189170837,
    0.7706962823867798,
    0.7708373665809631,
    0.7711299657821655,
    0.7716959714889526,
    0.7724746465682983,
    0.7728930115699768,
    0.772824227809906,
    0.7726689577102661,
    0.7725903987884521,
    0.7726075053215027,
    0.7727629542350769,
    0.7727587819099426,
    0.7727401256561279,
    0.7727301716804504,
    0.7725241184234619,
    0.7723663449287415,
    0.7722355127334595,
    0.7721816301345825,
    0.77208411693573,
    0.7718693017959595,
    0.7716206908226013,
    0.7713550925254822,
    0.7712012529373169,
    0.771075963973999,
    0.7708340287208557,
    0.7706329226493835,
    0.7704731822013855,
    0.7704445719718933,
    0.7703782916069031,
    0.7702272534370422,
    0.7700136303901672,
    0.7698175311088562,
    0.7696634531021118,
    0.7695879936218262,
    0.7691344618797302,
    0.7686368227005005,
    0.7682185173034668,
    0.7679425477981567,
    0.7677795886993408,
    0.7676075100898743,
    0.7676056623458862,
    0.7680137753486633,
    0.7687912583351135
  ],
  "convlstm": [
    0.3023962676525116,
    0.43959954380989075,
    0.5028489232063293,
    0.5331869125366211,
    0.5512503385543823,
    0.5630763173103333,
    0.5718337893486023,
    0.5790177583694458,
    0.5872538685798645,
    0.5963036417961121,
    0.6049137115478516,
    0.6122342944145203,
    0.6181728839874268,
    0.6233317852020264,
    0.6289387345314026,
    0.6334415674209595,
    0.6376816630363464,
    0.6411317586898804,
    0.644439160823822,
    0.6469001173973083,
    0.6485276222229004,
    0.652093231678009,
    0.657081127166748,
    0.6617956161499023,
    0.6653891801834106,
    0.6686405539512634,
    0.671409547328949,
    0.6735854744911194,
    0.6766374111175537,
    0.6835806965827942,
    0.6884099841117859,
    0.691173255443573,
    0.6933066844940186,
    0.6947775483131409,
    0.6957489252090454,
    0.6970350742340088,
    0.7070680260658264,
    0.7138511538505554,
    0.7170185446739197,
    0.7189136743545532,
    0.7193305492401123,
    0.718698263168335,
    0.717329204082489,
    0.7302519679069519,
    0.7387406229972839,
    0.7424736022949219,
    0.7440884113311768,
    0.7440544962882996,
    0.7436984181404114
  ]
}