{
  "epochs_trained": 6,
  "best_val_loss": 0.6564659448862076,
  "mean_rmse": {
    "model": 0.5024298429489136
  },
  "rmse_per_step": {
    "day_1": 0.3109968900680542,
    "day_2": 0.44862234592437744,
    "day_3": 0.5108814239501953,
    "day_4": 0.5395040512084961,
    "day_5": 0.5570856332778931,
    "day_6": 0.569064199924469,
    "day_7": 0.5808544158935547
  }
}