{
  "epochs_trained": 6,
  "best_val_loss": 0.6614318304657936,
  "mean_rmse": {
    "model": 0.5052616596221924
  },
  "rmse_per_step": {
    "day_1": 0.315390944480896,
    "day_2": 0.4519183039665222,
    "day_3": 0.5142939686775208,
    "day_4": 0.5425790548324585,
    "day_5": 0.5594801902770996,
    "day_6": 0.5717096328735352,
    "day_7": 0.5814595818519592
  }
}