{
  "epochs_trained": 13,
  "best_val_loss": 0.681647262096405,
  "mean_rmse": {
    "model": 0.504975438117981
  },
  "rmse_per_step": {
    "day_1": 0.3281490206718445,
    "day_2": 0.4501287341117859,
    "day_3": 0.5082831978797913,
    "day_4": 0.5380592346191406,
    "day_5": 0.5567878484725952,
    "day_6": 0.5708485245704651,
    "day_7": 0.5825715661048889
  }
}