{
  "epochs_trained": 7,
  "best_val_loss": 1.1016450233459472,
  "mean_rmse": {
    "model": 0.62189781665802
  },
  "rmse_per_step": {
    "day_1": 0.6083131432533264,
    "day_2": 0.6136127710342407,
    "day_3": 0.6182493567466736,
    "day_4": 0.6226233839988708,
    "day_5": 0.62652188539505,
    "day_6": 0.630144476890564,
    "day_7": 0.6338196992874146
  }
}