{
  "epochs_trained": 8,
  "best_val_loss": 0.743977029800415,
  "mean_rmse": {
    "model": 0.5913353562355042
  },
  "rmse_per_step": {
    "day_1": 0.5552300214767456,
    "day_2": 0.5722686052322388,
    "day_3": 0.5855175256729126,
    "day_4": 0.5958217978477478,
    "day_5": 0.604250967502594,
    "day_6": 0.6099546551704407,
    "day_7": 0.6163040399551392
  }
}