{
  "persistence": [
    0.3231000006198883,
    0.48802199959754944,
    0.575553834438324,
    0.6238207221031189,
    0.654125988483429,
    0.6741143465042114,
    0.6879980564117432,
    0.6984875202178955,
    0.7084741592407227,
    0.721218466758728,
    0.7353130578994751,
    0.7485933899879456,
    0.7603509426116943,
    0.7715044021606445,
    0.780204176902771,
    0.7857030630111694,
    0.7900860905647278,
    0.7952662110328674,
    0.8016123175621033,
    0.807736873626709,
    0.8134266138076782,
    0.818816602230072,
    0.8245591521263123,
    0.829562246799469,
    0.8336195349693298,
    0.8380866646766663,
    0.8442482948303223,
    0.8510172963142395,
    0.8566750288009644,
    0.8601885437965393,
    0.861532986164093,
    0.8620554804801941,
    0.863365113735199,
    0.8650233149528503,
    0.8672688603401184,
    0.8700874447822571,
    0.8731151223182678,
    0.8752127885818481,
    0.8761672973632812,
    0.8766709566116333,
    0.877071738243103,
    0.876958966255188,
    0.8779310584068298,
    0.881026566028595,
    0.8866657614707947,
    0.8913982510566711,
    0.8939850330352783,
    0.8956437706947327,
    0.8966944217681885
  ],
  "climatology": [
    0.771867036819458,
    0.7717912793159485,
    0.7715532779693604,
    0.7712268829345703,
    0.7709185481071472,
    0.7707390189170837,
    0.7706962823867798,
    0.7708373665809631,
    0.7711299657821655,
    0.7716959714889526,
    0.7724746465682983,
    0.7728930115699768,
    0.772824227809906,
    0.7726689577102661,
    0.7725903987884521,
    0.7726075053215027,
    0.7727629542350769,
    0.7727587819099426,
    0.7727401256561279,
    0.7727301716804504,
    0.7725241184234619,
    0.7723663449287415,
    0.7722355127334595,
    0.7721816301345825,
    0.77208411693573,
    0.7718693017959595,
    0.7716206908226013,
    0.7713550925254822,
    0.7712012529373169,
    0.771075963973999,
    0.7708340287208557,
    0.7706329226493835,
    0.7704731822013855,
    0.7704445719718933,
    0.7703782916069031,
    0.7702272534370422,
    0.7700136303901672,
    0.7698175311088562,
    0.7696634531021118,
    0.7695879936218262,
    0.7691344618797302,
    0.7686368227005005,
    0.7682185173034668,
    0.7679425477981567,
    0.7677795886993408,
    0.7676075100898743,
    0.7676056623458862,
    0.7680137753486633,
    0.7687912583351135
  ],
  "tubelet": [
    0.3253532350063324,
    0.450409859418869,
    0.508233368396759,
    0.5373960733413696,
    0.5558702349662781,
    0.5692367553710938,
    0.57956862449646,
    0.5881030559539795,
    0.5961790084838867,
    0.6050845980644226,
    0.6145287752151489,
    0.6227059364318848,
    0.6298674941062927,
    0.6368140578269958,
    0.642805278301239,
    0.6477164626121521,
    0.6520110368728638,
    0.6563950181007385,
    0.6610501408576965,
    0.665497362613678,
    0.6696783304214478,
    0.6739166378974915,
    0.6787954568862915,
    0.6838451027870178,
    0.6889533996582031,
    0.6944828033447266,
    0.700547993183136,
    0.7067824602127075,
    0.7124582529067993,
    0.7174623608589172,
    0.7217583656311035,
    0.7259528040885925,
    0.7303380370140076,
    0.7349925637245178,
    0.7401981353759766,
    0.7455636858940125,
    0.7512112855911255,
    0.7566867470741272,
    0.7619267106056213,
    0.7670336365699768,
    0.7723021507263184,
    0.7774644494056702,
    0.7835814356803894,
    0.7904917001724243,
    0.79817134141922,
    0.805972158908844,
    0.8128437399864197,
    0.8191195130348206,
    0.8252283930778503
  ]
}