{
  "persistence": [
    0.3231000006198883,
    0.48802199959754944,
    0.575553834438324,
    0.6238207221031189,
    0.654125988483429,
    0.6741143465042114,
    0.6879980564117432,
    0.6984875202178955,
    0.7084741592407227,
    0.721218466758728,
    0.7353130578994751,
    0.7485933899879456,
    0.7603509426116943,
    0.7715044021606445,
    0.780204176902771,
    0.7857030630111694,
    0.7900860905647278,
    0.7952662110328674,
    0.8016123175621033,
    0.807736873626709,
    0.8134266138076782,
    0.818816602230072,
    0.8245591521263123,
    0.829562246799469,
    0.8336195349693298,
    0.8380866646766663,
    0.8442482948303223,
    0.8510172963142395,
    0.8566750288009644,
    0.8601885437965393,
    0.861532986164093,
    0.8620554804801941,
    0.863365113735199,
    0.8650233149528503,
    0.8672688603401184,
    0.8700874447822571,
    0.8731151223182678,
    0.8752127885818481,
    0.8761672973632812,
    0.8766709566116333,
    0.877071738243103,
    0.876958966255188,
    0.8779310584068298,
    0.881026566028595,
    0.8866657614707947,
    0.8913982510566711,
    0.8939850330352783,
    0.8956437706947327,
    0.8966944217681885
  ],
  "climatology": [
    0.771867036819458,
    0.7717912793159485,
    0.7715532779693604,
    0.7712268829345703,
    0.7709185481071472,
    0.7707390189170837,
    0.7706962823867798,
    0.7708373665809631,
    0.7711299657821655,
    0.7716959714889526,
    0.7724746465682983,
    0.7728930115699768,
    0.772824227809906,
    0.7726689577102661,
    0.7725903987884521,
    0.7726075053215027,
    0.7727629542350769,
    0.7727587819099426,
    0.7727401256561279,
    0.7727301716804504,
    0.7725241184234619,
    0.7723663449287415,
    0.7722355127334595,
    0.7721816301345825,
    0.77208411693573,
    0.7718693017959595,
    0.7716206908226013,
    0.7713550925254822,
    0.7712012529373169,
    0.771075963973999,
    0.7708340287208557,
    0.7706329226493835,
    0.7704731822013855,
    0.7704445719718933,
    0.7703782916069031,
    0.7702272534370422,
    0.7700136303901672,
    0.7698175311088562,
    0.7696634531021118,
    0.7695879936218262,
    0.7691344618797302,
    0.7686368227005005,
    0.7682185173034668,
    0.7679425477981567,
    0.7677795886993408,
    0.7676075100898743,
    0.7676056623458862,
    0.7680137753486633,
    0.7687912583351135
  ],
  "patch_transformer": [
    0.32503655552864075,
    0.45174527168273926,
    0.5116026997566223,
    0.5424342155456543,
    0.5617207884788513,
    0.5749796032905579,
    0.584907054901123,
    0.5933340191841125,
    0.6014570593833923,
    0.610076367855072,
    0.618476390838623,
    0.6257659792900085,
    0.6320074796676636,
    0.6376809477806091,
    0.6421400308609009,
    0.6453700065612793,
    0.6481644511222839,
    0.6509177684783936,
    0.6538134813308716,
    0.6566489338874817,
    0.6592509150505066,
    0.6621282696723938,
    0.6654700636863708,
    0.6691329479217529,
    0.6729897260665894,
    0.6773123145103455,
    0.6824027895927429,
    0.6878082752227783,
    0.692863941192627,
    0.6970741748809814,
    0.7008346915245056,
    0.7045415043830872,
    0.708424985408783,
    0.7123082876205444,
    0.7165380120277405,
    0.7210782170295715,
    0.7258219122886658,
    0.7308689951896667,
    0.7355427742004395,
    0.739852249622345,
    0.7436330914497375,
    0.747031033039093,
    0.7510237097740173,
    0.7554488778114319,
    0.760784924030304,
    0.7659562230110168,
    0.7704020142555237,
    0.774275541305542,
    0.7777158617973328
  ]
}