{
  "epochs_trained": 8,
  "best_val_loss": 1.1302297463417053,
  "mean_rmse": {
    "model": 0.6280599236488342
  },
  "rmse_per_step": {
    "day_1": 0.6074626445770264,
    "day_2": 0.6162823438644409,
    "day_3": 0.6234492659568787,
    "day_4": 0.629651665687561,
    "day_5": 0.6349062919616699,
    "day_6": 0.6400029063224792,
    "day_7": 0.6446647644042969
  }
}