{
  "epochs_trained": 29,
  "best_val_loss": 0.6290039167404174,
  "mean_rmse": {
    "model": 0.5073971748352051
  },
  "rmse_per_step": {
    "day_1": 0.32727253437042236,
    "day_2": 0.45272397994995117,
    "day_3": 0.5116948485374451,
    "day_4": 0.5418543815612793,
    "day_5": 0.5604750514030457,
    "day_6": 0.5737258791923523,
    "day_7": 0.5840334892272949
  }
}