{
  "epochs_trained": 6,
  "best_val_loss": 0.6934386191368103,
  "mean_rmse": {
    "model": 0.5206136107444763
  },
  "rmse_per_step": {
    "day_1": 0.3531684875488281,
    "day_2": 0.4689613878726959,
    "day_3": 0.5246459245681763,
    "day_4": 0.5530203580856323,
    "day_5": 0.5704078674316406,
    "day_6": 0.58231121301651,
    "day_7": 0.5917803049087524
  }
}