{
  "epochs_trained": 6,
  "best_val_loss": 1.196153418302536,
  "mean_rmse": {
    "model": 0.6437680125236511
  },
  "rmse_per_step": {
    "day_1": 0.6363438963890076,
    "day_2": 0.6415407061576843,
    "day_3": 0.6451405882835388,
    "day_4": 0.6442674398422241,
    "day_5": 0.6424533128738403,
    "day_6": 0.6458950638771057,
    "day_7": 0.65073561668396
  }
}