{
  "model_type": "convlstm",
  "context_len": 90,
  "horizon": 7,
  "batch_size": 2,
  "hidden_dim": 32,
  "n_layers": 3,
  "hidden_channels": [
    32,
    32,
    32
  ],
  "kernel_size": 3,
  "dropout": 0.14205370592705804,
  "anomaly_alpha": 0.09407186939346883,
  "num_epochs": 50,
  "early_stop_patience": 5,
  "learning_rate": 0.00039259262156886597,
  "weight_decay": 0.0001,
  "grad_clip": 1.0,
  "lr_factor": 0.5279490294387551,
  "lr_patience": 5,
  "random_seed": 42,
  "optuna_trial": 20
}