{
  "epochs_trained": 7,
  "best_val_loss": 0.6186193526387215,
  "mean_rmse": {
    "model": 0.5018051266670227
  },
  "rmse_per_step": {
    "day_1": 0.3091711103916168,
    "day_2": 0.4465150535106659,
    "day_3": 0.5084864497184753,
    "day_4": 0.5393770933151245,
    "day_5": 0.5572116374969482,
    "day_6": 0.5708719491958618,
    "day_7": 0.5810030102729797
  }
}