{
  "epochs_trained": 15,
  "best_val_loss": 0.5656781694889068,
  "mean_rmse": {
    "model": 0.5037800073623657
  },
  "rmse_per_step": {
    "day_1": 0.31913965940475464,
    "day_2": 0.44795387983322144,
    "day_3": 0.5091547966003418,
    "day_4": 0.5397910475730896,
    "day_5": 0.5580568909645081,
    "day_6": 0.5710565447807312,
    "day_7": 0.5813071727752686
  }
}