{
  "epochs_trained": 6,
  "best_val_loss": 0.7096528263092041,
  "mean_rmse": {
    "model": 0.5252099633216858
  },
  "rmse_per_step": {
    "day_1": 0.3674725294113159,
    "day_2": 0.4716266095638275,
    "day_3": 0.5263519883155823,
    "day_4": 0.5553119778633118,
    "day_5": 0.5738154649734497,
    "day_6": 0.5864331126213074,
    "day_7": 0.5954579710960388
  }
}