{
  "epochs_trained": 9,
  "best_val_loss": 0.7718514852153445,
  "mean_rmse": {
    "model": 0.6148074865341187,
    "persistence": 0.5806808471679688,
    "skill": -0.05877004473729164
  },
  "rmse_per_step": {
    "day_1": {
      "model": 0.5842509865760803,
      "persistence": 0.32529908418655396,
      "skill": -0.7960425615310669
    },
    "day_2": {
      "model": 0.5970727205276489,
      "persistence": 0.4916379451751709,
      "skill": -0.21445608139038086
    },
    "day_3": {
      "model": 0.6092516779899597,
      "persistence": 0.5803226828575134,
      "skill": -0.049849867820739746
    },
    "day_4": {
      "model": 0.6189121603965759,
      "persistence": 0.6293068528175354,
      "skill": 0.016517698764801025
    },
    "day_5": {
      "model": 0.6258710622787476,
      "persistence": 0.6601645946502686,
      "skill": 0.051946938037872314
    },
    "day_6": {
      "model": 0.6315847039222717,
      "persistence": 0.6813382506370544,
      "skill": 0.07302325963973999
    },
    "day_7": {
      "model": 0.6367086172103882,
      "persistence": 0.6966967582702637,
      "skill": 0.08610367774963379
    }
  }
}