{
  "persistence": [
    0.3246036767959595,
    0.4901482164859772,
    0.5780497193336487,
    0.6266492605209351,
    0.6573238372802734,
    0.6779384613037109,
    0.6923602819442749,
    0.7030495405197144,
    0.71323561668396,
    0.7260033488273621,
    0.7398727536201477,
    0.7529112696647644,
    0.7647343873977661,
    0.7762352228164673,
    0.7854336500167847,
    0.7914890050888062,
    0.79627925157547,
    0.8016039729118347,
    0.8080368041992188,
    0.8143297433853149,
    0.8202129006385803,
    0.8257380723953247,
    0.8315379023551941,
    0.8368909358978271,
    0.8413960933685303,
    0.8461220860481262,
    0.8521541953086853,
    0.8585529327392578,
    0.8641114234924316,
    0.8678975105285645
  ],
  "climatology": [
    0.7807076573371887,
    0.780166506767273,
    0.779702365398407,
    0.7792303562164307,
    0.7787001729011536,
    0.7779864072799683,
    0.777292013168335,
    0.7766384482383728,
    0.7762197852134705,
    0.7758841514587402,
    0.7755106687545776,
    0.77501380443573,
    0.7744442820549011,
    0.7738133668899536,
    0.773356020450592,
    0.7732188701629639,
    0.7731732130050659,
    0.7729560732841492,
    0.7728313207626343,
    0.7728278636932373,
    0.7727160453796387,
    0.7723656296730042,
    0.7718647122383118,
    0.771573543548584,
    0.7715034484863281,
    0.771449863910675,
    0.7713951468467712,
    0.7713860869407654,
    0.7717683911323547,
    0.7725095748901367
  ],
  "convlstm": [
    0.30399030447006226,
    0.4465572237968445,
    0.5140933990478516,
    0.5518031716346741,
    0.5797637701034546,
    0.6040049195289612,
    0.624970555305481,
    0.6447726488113403,
    0.6649291515350342,
    0.6861181259155273,
    0.7085273265838623,
    0.7317442297935486,
    0.7542967796325684,
    0.7755967974662781,
    0.794954776763916,
    0.8120435476303101,
    0.8278189897537231,
    0.8435859084129333,
    0.8608216047286987,
    0.8797976970672607,
    0.8999632000923157,
    0.92094486951828,
    0.9422188401222229,
    0.9632916450500488,
    0.983720600605011,
    1.003598690032959,
    1.023672342300415,
    1.0441216230392456,
    1.0656211376190186,
    1.0881295204162598
  ]
}