{
  "epochs_trained": 6,
  "best_val_loss": 1.008740999698639,
  "mean_rmse": {
    "model": 0.5923646092414856
  },
  "rmse_per_step": {
    "day_1": 0.5625625252723694,
    "day_2": 0.576093316078186,
    "day_3": 0.5871280431747437,
    "day_4": 0.595669686794281,
    "day_5": 0.6025664806365967,
    "day_6": 0.6084447503089905,
    "day_7": 0.6140875816345215
  }
}