{
  "epochs_trained": 6,
  "best_val_loss": 0.6716019735336304,
  "mean_rmse": {
    "model": 0.5141535401344299
  },
  "rmse_per_step": {
    "day_1": 0.33125096559524536,
    "day_2": 0.45823875069618225,
    "day_3": 0.5187012553215027,
    "day_4": 0.5492467284202576,
    "day_5": 0.5683513283729553,
    "day_6": 0.5819081664085388,
    "day_7": 0.5913773775100708
  }
}