{
  "epochs_trained": 15,
  "best_val_loss": 0.5440500817298889,
  "mean_rmse": {
    "model": 0.5060721039772034,
    "persistence": 0.5806808471679688,
    "skill": 0.12848493893786705
  },
  "mean_mae": {
    "model": 0.3933733105659485,
    "persistence": 0.4447568356990814,
    "skill": 0.11553172657226696
  },
  "rmse_per_step": {
    "day_1": {
      "model": 0.33154425024986267,
      "persistence": 0.32529908418655396,
      "skill": -0.019198179244995117
    },
    "day_2": {
      "model": 0.4511837661266327,
      "persistence": 0.4916379451751709,
      "skill": 0.08228451013565063
    },
    "day_3": {
      "model": 0.5092223286628723,
      "persistence": 0.5803226828575134,
      "skill": 0.12251865863800049
    },
    "day_4": {
      "model": 0.5393980145454407,
      "persistence": 0.6293068528175354,
      "skill": 0.14286965131759644
    },
    "day_5": {
      "model": 0.5579079389572144,
      "persistence": 0.6601645946502686,
      "skill": 0.15489572286605835
    },
    "day_6": {
      "model": 0.5713228583335876,
      "persistence": 0.6813382506370544,
      "skill": 0.16146957874298096
    },
    "day_7": {
      "model": 0.5819254517555237,
      "persistence": 0.6966967582702637,
      "skill": 0.16473639011383057
    }
  }
}