{
  "persistence": [
    0.3231000006198883,
    0.48802199959754944,
    0.575553834438324,
    0.6238207221031189,
    0.654125988483429,
    0.6741143465042114,
    0.6879980564117432,
    0.6984875202178955,
    0.7084741592407227,
    0.721218466758728,
    0.7353130578994751,
    0.7485933899879456,
    0.7603509426116943,
    0.7715044021606445,
    0.780204176902771,
    0.7857030630111694,
    0.7900860905647278,
    0.7952662110328674,
    0.8016123175621033,
    0.807736873626709,
    0.8134266138076782,
    0.818816602230072,
    0.8245591521263123,
    0.829562246799469,
    0.8336195349693298,
    0.8380866646766663,
    0.8442482948303223,
    0.8510172963142395,
    0.8566750288009644,
    0.8601885437965393,
    0.861532986164093,
    0.8620554804801941,
    0.863365113735199,
    0.8650233149528503,
    0.8672688603401184,
    0.8700874447822571,
    0.8731151223182678,
    0.8752127885818481,
    0.8761672973632812,
    0.8766709566116333,
    0.877071738243103,
    0.876958966255188,
    0.8779310584068298,
    0.881026566028595,
    0.8866657614707947,
    0.8913982510566711,
    0.8939850330352783,
    0.8956437706947327,
    0.8966944217681885
  ],
  "climatology": [
    0.771867036819458,
    0.7717912793159485,
    0.7715532779693604,
    0.7712268829345703,
    0.7709185481071472,
    0.7707390189170837,
    0.7706962823867798,
    0.7708373665809631,
    0.7711299657821655,
    0.7716959714889526,
    0.7724746465682983,
    0.7728930115699768,
    0.772824227809906,
    0.7726689577102661,
    0.7725903987884521,
    0.7726075053215027,
    0.7727629542350769,
    0.7727587819099426,
    0.7727401256561279,
    0.7727301716804504,
    0.7725241184234619,
    0.7723663449287415,
    0.7722355127334595,
    0.7721816301345825,
    0.77208411693573,
    0.7718693017959595,
    0.7716206908226013,
    0.7713550925254822,
    0.7712012529373169,
    0.771075963973999,
    0.7708340287208557,
    0.7706329226493835,
    0.7704731822013855,
    0.7704445719718933,
    0.7703782916069031,
    0.7702272534370422,
    0.7700136303901672,
    0.7698175311088562,
    0.7696634531021118,
    0.7695879936218262,
    0.7691344618797302,
    0.7686368227005005,
    0.7682185173034668,
    0.7679425477981567,
    0.7677795886993408,
    0.7676075100898743,
    0.7676056623458862,
    0.7680137753486633,
    0.7687912583351135
  ],
  "tubelet": [
    0.320173054933548,
    0.44517606496810913,
    0.5043162703514099,
    0.5343782901763916,
    0.5531381964683533,
    0.5666669607162476,
    0.5772778391838074,
    0.5865321159362793,
    0.5955740809440613,
    0.6059856414794922,
    0.617220938205719,
    0.6273130774497986,
    0.636529803276062,
    0.6460168361663818,
    0.6548374891281128,
    0.6618254780769348,
    0.6678485870361328,
    0.6737589240074158,
    0.6800112128257751,
    0.686319887638092,
    0.6921144723892212,
    0.6976805925369263,
    0.7035856246948242,
    0.7102375626564026,
    0.7174150943756104,
    0.7250944375991821,
    0.7335269451141357,
    0.7425045371055603,
    0.7513562440872192,
    0.7592753767967224,
    0.7664294838905334,
    0.7734510898590088,
    0.7807059288024902,
    0.7878819108009338,
    0.7959514260292053,
    0.8042030930519104,
    0.8120249509811401,
    0.8198318481445312,
    0.8275472521781921,
    0.8349294066429138,
    0.8425068855285645,
    0.8499510884284973,
    0.8584012985229492,
    0.8665953874588013,
    0.8756717443466187,
    0.8852596879005432,
    0.8941850066184998,
    0.9026915431022644,
    0.9104803204536438
  ]
}