{
  "persistence": [
    0.3231000006198883,
    0.48802199959754944,
    0.575553834438324,
    0.6238207221031189,
    0.654125988483429,
    0.6741143465042114,
    0.6879980564117432,
    0.6984875202178955,
    0.7084741592407227,
    0.721218466758728,
    0.7353130578994751,
    0.7485933899879456,
    0.7603509426116943,
    0.7715044021606445,
    0.780204176902771,
    0.7857030630111694,
    0.7900860905647278,
    0.7952662110328674,
    0.8016123175621033,
    0.807736873626709,
    0.8134266138076782,
    0.818816602230072,
    0.8245591521263123,
    0.829562246799469,
    0.8336195349693298,
    0.8380866646766663,
    0.8442482948303223,
    0.8510172963142395,
    0.8566750288009644,
    0.8601885437965393,
    0.861532986164093,
    0.8620554804801941,
    0.863365113735199,
    0.8650233149528503,
    0.8672688603401184,
    0.8700874447822571,
    0.8731151223182678,
    0.8752127885818481,
    0.8761672973632812,
    0.8766709566116333,
    0.877071738243103,
    0.876958966255188,
    0.8779310584068298,
    0.881026566028595,
    0.8866657614707947,
    0.8913982510566711,
    0.8939850330352783,
    0.8956437706947327,
    0.8966944217681885
  ],
  "climatology": [
    0.771867036819458,
    0.7717912793159485,
    0.7715532779693604,
    0.7712268829345703,
    0.7709185481071472,
    0.7707390189170837,
    0.7706962823867798,
    0.7708373665809631,
    0.7711299657821655,
    0.7716959714889526,
    0.7724746465682983,
    0.7728930115699768,
    0.772824227809906,
    0.7726689577102661,
    0.7725903987884521,
    0.7726075053215027,
    0.7727629542350769,
    0.7727587819099426,
    0.7727401256561279,
    0.7727301716804504,
    0.7725241184234619,
    0.7723663449287415,
    0.7722355127334595,
    0.7721816301345825,
    0.77208411693573,
    0.7718693017959595,
    0.7716206908226013,
    0.7713550925254822,
    0.7712012529373169,
    0.771075963973999,
    0.7708340287208557,
    0.7706329226493835,
    0.7704731822013855,
    0.7704445719718933,
    0.7703782916069031,
    0.7702272534370422,
    0.7700136303901672,
    0.7698175311088562,
    0.7696634531021118,
    0.7695879936218262,
    0.7691344618797302,
    0.7686368227005005,
    0.7682185173034668,
    0.7679425477981567,
    0.7677795886993408,
    0.7676075100898743,
    0.7676056623458862,
    0.7680137753486633,
    0.7687912583351135
  ],
  "patch_transformer": [
    0.3286378085613251,
    0.453950971364975,
    0.5136245489120483,
    0.5445257425308228,
    0.5645478963851929,
    0.5788730978965759,
    0.5899664163589478,
    0.5995838642120361,
    0.6094279885292053,
    0.6203380227088928,
    0.6315274238586426,
    0.6419143676757812,
    0.6515900492668152,
    0.660744309425354,
    0.6683506369590759,
    0.6751974821090698,
    0.6816964149475098,
    0.6883752942085266,
    0.6951087713241577,
    0.701533317565918,
    0.7075448632240295,
    0.7135428786277771,
    0.7212370038032532,
    0.7295814156532288,
    0.7384236454963684,
    0.7477965354919434,
    0.7578011751174927,
    0.767825186252594,
    0.7769638895988464,
    0.7862732410430908,
    0.7950538396835327,
    0.8038171529769897,
    0.8124924898147583,
    0.8209463953971863,
    0.8294475078582764,
    0.8377236127853394,
    0.8476535677909851,
    0.8577041625976562,
    0.8675117492675781,
    0.87715083360672,
    0.8865441083908081,
    0.895254909992218,
    0.9035799503326416,
    0.9136167764663696,
    0.924248218536377,
    0.9346352219581604,
    0.9440048933029175,
    0.9524456262588501,
    0.9602493643760681
  ]
}