{
  "epochs_trained": 7,
  "best_val_loss": 1.1647591390609742,
  "mean_rmse": {
    "model": 0.6199473142623901
  },
  "rmse_per_step": {
    "day_1": 0.6071838140487671,
    "day_2": 0.6125133633613586,
    "day_3": 0.6165912747383118,
    "day_4": 0.6203908920288086,
    "day_5": 0.6246013641357422,
    "day_6": 0.6276170015335083,
    "day_7": 0.6307332515716553
  }
}