{
  "train": [
    0.6093043088912964,
    0.5918999910354614,
    0.5868263840675354,
    0.5948134064674377,
    0.5900238156318665,
    0.5813770294189453,
    0.5784409642219543,
    0.5761920213699341,
    0.5753395557403564,
    0.5740557312965393,
    0.5724605917930603,
    0.5707663297653198,
    0.571294903755188
  ],
  "val": [
    0.6888956427574158,
    0.6693132519721985,
    0.6708136200904846,
    0.705226480960846,
    0.6695731282234192,
    0.6628646850585938,
    0.6653882265090942,
    0.6456480026245117,
    0.6538007855415344,
    0.6776649355888367,
    0.6941288113594055,
    0.6637799739837646,
    0.6476725339889526
  ]
}