{
  "model_type": "convlstm",
  "n_params": 1236167,
  "epochs_trained": 13,
  "mean_rmse": 0.49757179617881775,
  "mean_skill": 0.1345645636320114,
  "bic": -1407701.4276039004,
  "rmse_steps": [
    0.307904988527298,
    0.4421360194683075,
    0.5041036605834961,
    0.5346630215644836,
    0.552564263343811,
    0.5655014514923096,
    0.576129138469696
  ],
  "pers_rmse_steps": [
    0.32529908418655396,
    0.49163782596588135,
    0.5803227424621582,
    0.629306972026825,
    0.6601647138595581,
    0.6813383102416992,
    0.6966968178749084
  ],
  "skill_steps": [
    0.05347108840942383,
    0.10068756341934204,
    0.13133913278579712,
    0.15039390325546265,
    0.16299033164978027,
    0.17001372575759888,
    0.17305618524551392
  ],
  "example_idx": 100,
  "example_date": "1999-07-10"
}