{
  "epochs_trained": 9,
  "best_val_loss": 0.6136961374282837,
  "mean_rmse": {
    "model": 0.5067374110221863,
    "persistence": 0.5806808471679688,
    "skill": 0.12733920277620847
  },
  "mean_mae": {
    "model": 0.39407989382743835,
    "persistence": 0.4447568356990814,
    "skill": 0.1139430308968441
  },
  "rmse_per_step": {
    "day_1": {
      "model": 0.3316102623939514,
      "persistence": 0.32529908418655396,
      "skill": -0.019401192665100098
    },
    "day_2": {
      "model": 0.4532742202281952,
      "persistence": 0.4916379451751709,
      "skill": 0.0780324935913086
    },
    "day_3": {
      "model": 0.5113584399223328,
      "persistence": 0.5803226828575134,
      "skill": 0.11883777379989624
    },
    "day_4": {
      "model": 0.54099440574646,
      "persistence": 0.6293068528175354,
      "skill": 0.1403328776359558
    },
    "day_5": {
      "model": 0.5583460927009583,
      "persistence": 0.6601645946502686,
      "skill": 0.1542319655418396
    },
    "day_6": {
      "model": 0.5710706114768982,
      "persistence": 0.6813382506370544,
      "skill": 0.1618397831916809
    },
    "day_7": {
      "model": 0.5805076956748962,
      "persistence": 0.6966967582702637,
      "skill": 0.16677135229110718
    }
  }
}