{
  "epochs_trained": 6,
  "best_val_loss": 1.2809848065376281,
  "mean_rmse": {
    "model": 0.6690409779548645
  },
  "rmse_per_step": {
    "day_1": 0.6620829105377197,
    "day_2": 0.6645631194114685,
    "day_3": 0.6677541136741638,
    "day_4": 0.6695235967636108,
    "day_5": 0.6710940599441528,
    "day_6": 0.6743764877319336,
    "day_7": 0.6738926768302917
  }
}