{
  "epochs_trained": 6,
  "best_val_loss": 1.222763725757599,
  "mean_rmse": {
    "model": 0.6226785778999329
  },
  "rmse_per_step": {
    "day_1": 0.6105830669403076,
    "day_2": 0.614889919757843,
    "day_3": 0.6197741627693176,
    "day_4": 0.6229881644248962,
    "day_5": 0.6262342929840088,
    "day_6": 0.6303451657295227,
    "day_7": 0.6339352130889893
  }
}