{
  "train": [
    0.6821775517996751,
    0.5770423067847819,
    0.5600252389954231,
    0.5533411645267603,
    0.5509445635370995,
    0.549946680981075,
    0.5453820031518299,
    0.5441704544489382,
    0.5418390278327695,
    0.5403309192354054,
    0.5382885448337413,
    0.5377418858969251,
    0.5352662584850774
  ],
  "val": [
    0.6654079384803772,
    0.6398618533611298,
    0.6256666920185089,
    0.6169125893115998,
    0.6655614326000213,
    0.6626225500106812,
    0.6323973922729492,
    0.613745050907135,
    0.6264973909854888,
    0.6316959300041198,
    0.6392049293518066,
    0.6293636677265168,
    0.6186452767848969
  ]
}