{
  "model_type": "tubelet",
  "n_params": 1440647,
  "epochs_trained": 13,
  "mean_rmse": 0.5033643841743469,
  "mean_skill": 0.12226410955190659,
  "bic": 2865905.661589831,
  "rmse_steps": [
    0.3218318819999695,
    0.4476284384727478,
    0.5072774291038513,
    0.5373377203941345,
    0.5563184022903442,
    0.5707048177719116,
    0.582452118396759
  ],
  "pers_rmse_steps": [
    0.32529908418655396,
    0.4916379451751709,
    0.5803226828575134,
    0.6293068528175354,
    0.6601645946502686,
    0.6813382506370544,
    0.6966967582702637
  ],
  "skill_steps": [
    0.010658502578735352,
    0.08951610326766968,
    0.12587004899978638,
    0.14614355564117432,
    0.15730351209640503,
    0.16237664222717285,
    0.1639804244041443
  ],
  "example_idx": 100,
  "example_date": "1999-07-10"
}