{
  "epochs_trained": 6,
  "best_val_loss": 0.7731980059146881,
  "mean_rmse": {
    "model": 0.5140477418899536
  },
  "rmse_per_step": {
    "day_1": 0.34584200382232666,
    "day_2": 0.4629243314266205,
    "day_3": 0.5189260244369507,
    "day_4": 0.5462518334388733,
    "day_5": 0.5628675222396851,
    "day_6": 0.5761281847953796,
    "day_7": 0.5853940844535828
  }
}