{
  "epochs_trained": 18,
  "best_val_loss": 0.5614313335418701,
  "mean_rmse": {
    "model": 0.5153658986091614,
    "persistence": 0.5806808471679688,
    "skill": 0.11247994294517216
  },
  "mean_mae": {
    "model": 0.40224745869636536,
    "persistence": 0.4447568356990814,
    "skill": 0.0955789177155616
  },
  "rmse_per_step": {
    "day_1": {
      "model": 0.36582842469215393,
      "persistence": 0.32529908418655396,
      "skill": -0.12459099292755127
    },
    "day_2": {
      "model": 0.4647897779941559,
      "persistence": 0.4916379451751709,
      "skill": 0.05460965633392334
    },
    "day_3": {
      "model": 0.5167128443717957,
      "persistence": 0.5803226828575134,
      "skill": 0.1096111536026001
    },
    "day_4": {
      "model": 0.5436578989028931,
      "persistence": 0.6293068528175354,
      "skill": 0.13610047101974487
    },
    "day_5": {
      "model": 0.5604918003082275,
      "persistence": 0.6601645946502686,
      "skill": 0.15098172426223755
    },
    "day_6": {
      "model": 0.5727831125259399,
      "persistence": 0.6813382506370544,
      "skill": 0.15932637453079224
    },
    "day_7": {
      "model": 0.5832971334457397,
      "persistence": 0.6966967582702637,
      "skill": 0.16276752948760986
    }
  }
}