{
  "model_type": "lstm",
  "context_len": 90,
  "horizon": 7,
  "batch_size": 16,
  "hidden_size": 256,
  "d_spatial": 64,
  "num_layers": 2,
  "dropout": 0.321498949798272,
  "anomaly_alpha": 0.12407232962081827,
  "num_epochs": 50,
  "early_stop_patience": 5,
  "learning_rate": 0.00015301349652577402,
  "weight_decay": 0.0001,
  "grad_clip": 1.0,
  "lr_factor": 0.5403119920018261,
  "lr_patience": 5,
  "random_seed": 42,
  "optuna_trial": 17
}