{
  "epochs_trained": 6,
  "best_val_loss": 0.9531771049499512,
  "mean_rmse": {
    "model": 0.6021938323974609
  },
  "rmse_per_step": {
    "day_1": 0.5769594311714172,
    "day_2": 0.587480902671814,
    "day_3": 0.5968846678733826,
    "day_4": 0.6041735410690308,
    "day_5": 0.6104844808578491,
    "day_6": 0.6167585849761963,
    "day_7": 0.6226150989532471
  }
}