{
  "context_len": 90,
  "horizon": 7,
  "batch_size": 8,
  "d_model": 128,
  "n_heads": 4,
  "n_layers": 4,
  "d_ff": 512,
  "t_s": 5,
  "p_h": 3,
  "p_w": 11,
  "dropout": 0.06452090304204987,
  "num_epochs": 50,
  "early_stop_patience": 5,
  "learning_rate": 0.00043284502212938834,
  "weight_decay": 0.0001,
  "grad_clip": 1.0,
  "lr_factor": 0.3702083881990964,
  "lr_patience": 5,
  "random_seed": 42,
  "anomaly_alpha": 0.07799726016810132,
  "optuna_trial": 6
}