{
  "epochs_trained": 9,
  "best_val_loss": 0.6208155605792999,
  "mean_rmse": {
    "model": 0.5072292685508728
  },
  "rmse_per_step": {
    "day_1": 0.33865928649902344,
    "day_2": 0.45396366715431213,
    "day_3": 0.5102887153625488,
    "day_4": 0.5403748154640198,
    "day_5": 0.5579116940498352,
    "day_6": 0.5695692896842957,
    "day_7": 0.5798375010490417
  }
}