{
  "epochs_trained": 7,
  "best_val_loss": 0.654585976600647,
  "mean_rmse": {
    "model": 0.5100821256637573
  },
  "rmse_per_step": {
    "day_1": 0.336911141872406,
    "day_2": 0.4592148959636688,
    "day_3": 0.5169196128845215,
    "day_4": 0.5444240570068359,
    "day_5": 0.5597976446151733,
    "day_6": 0.5721533894538879,
    "day_7": 0.5811542272567749
  }
}