{
  "model_type": "lstm",
  "context_len": 90,
  "horizon": 7,
  "batch_size": 16,
  "hidden_size": 256,
  "d_spatial": 32,
  "num_layers": 1,
  "dropout": 0.08418523990223437,
  "anomaly_alpha": 0.08803049874792027,
  "num_epochs": 50,
  "early_stop_patience": 5,
  "learning_rate": 0.0006172115948107076,
  "weight_decay": 0.0001,
  "grad_clip": 1.0,
  "lr_factor": 0.6736932106048628,
  "lr_patience": 5,
  "random_seed": 42,
  "optuna_trial": 4
}