{
  "epochs_trained": 8,
  "best_val_loss": 0.8288884654045104,
  "mean_rmse": {
    "model": 0.5948348045349121
  },
  "rmse_per_step": {
    "day_1": 0.5519285798072815,
    "day_2": 0.5710859298706055,
    "day_3": 0.587120771408081,
    "day_4": 0.5996655821800232,
    "day_5": 0.6096631288528442,
    "day_6": 0.6191988587379456,
    "day_7": 0.625180721282959
  }
}