{
  "epochs_trained": 8,
  "best_val_loss": 0.5837785768508911,
  "mean_rmse": {
    "model": 0.5051978230476379
  },
  "rmse_per_step": {
    "day_1": 0.3277294933795929,
    "day_2": 0.4508574306964874,
    "day_3": 0.5099819302558899,
    "day_4": 0.5391034483909607,
    "day_5": 0.557211697101593,
    "day_6": 0.5704659223556519,
    "day_7": 0.5810347199440002
  }
}