{
  "epochs_trained": 6,
  "best_val_loss": 0.8849047701358795,
  "mean_rmse": {
    "model": 0.5097962617874146
  },
  "rmse_per_step": {
    "day_1": 0.3402910828590393,
    "day_2": 0.4562588930130005,
    "day_3": 0.5134258270263672,
    "day_4": 0.5421658158302307,
    "day_5": 0.5601157546043396,
    "day_6": 0.5731366276741028,
    "day_7": 0.5831796526908875
  }
}