{
  "epochs_trained": 13,
  "best_val_loss": 0.8145270614624024,
  "mean_rmse": {
    "model": 0.6144013404846191
  },
  "rmse_per_step": {
    "day_1": 0.5993635654449463,
    "day_2": 0.6046205759048462,
    "day_3": 0.6092492938041687,
    "day_4": 0.6141718029975891,
    "day_5": 0.6182741522789001,
    "day_6": 0.6247568130493164,
    "day_7": 0.6303732395172119
  }
}