{
  "epochs_trained": 18,
  "best_val_loss": 0.5951363899707794,
  "mean_rmse": {
    "model": 0.5005107522010803
  },
  "rmse_per_step": {
    "day_1": 0.31566697359085083,
    "day_2": 0.4441002607345581,
    "day_3": 0.5048040747642517,
    "day_4": 0.5358406901359558,
    "day_5": 0.5548328161239624,
    "day_6": 0.5685903429985046,
    "day_7": 0.579740047454834
  }
}