{
  "epochs_trained": 7,
  "best_val_loss": 0.6636877994537353,
  "mean_rmse": {
    "model": 0.5080332159996033
  },
  "rmse_per_step": {
    "day_1": 0.33039113879203796,
    "day_2": 0.4543122947216034,
    "day_3": 0.5134391784667969,
    "day_4": 0.5419660806655884,
    "day_5": 0.5600267052650452,
    "day_6": 0.572955310344696,
    "day_7": 0.5831416249275208
  }
}