{
  "persistence": [
    0.3231000006198883,
    0.48802199959754944,
    0.575553834438324,
    0.6238207221031189,
    0.654125988483429,
    0.6741143465042114,
    0.6879980564117432,
    0.6984875202178955,
    0.7084741592407227,
    0.721218466758728,
    0.7353130578994751,
    0.7485933899879456,
    0.7603509426116943,
    0.7715044021606445,
    0.780204176902771,
    0.7857030630111694,
    0.7900860905647278,
    0.7952662110328674,
    0.8016123175621033,
    0.807736873626709,
    0.8134266138076782,
    0.818816602230072,
    0.8245591521263123,
    0.829562246799469,
    0.8336195349693298,
    0.8380866646766663,
    0.8442482948303223,
    0.8510172963142395,
    0.8566750288009644,
    0.8601885437965393,
    0.861532986164093,
    0.8620554804801941,
    0.863365113735199,
    0.8650233149528503,
    0.8672688603401184,
    0.8700874447822571,
    0.8731151223182678,
    0.8752127885818481,
    0.8761672973632812,
    0.8766709566116333,
    0.877071738243103,
    0.876958966255188,
    0.8779310584068298,
    0.881026566028595,
    0.8866657614707947,
    0.8913982510566711,
    0.8939850330352783,
    0.8956437706947327,
    0.8966944217681885
  ],
  "climatology": [
    0.771867036819458,
    0.7717912793159485,
    0.7715532779693604,
    0.7712268829345703,
    0.7709185481071472,
    0.7707390189170837,
    0.7706962823867798,
    0.7708373665809631,
    0.7711299657821655,
    0.7716959714889526,
    0.7724746465682983,
    0.7728930115699768,
    0.772824227809906,
    0.7726689577102661,
    0.7725903987884521,
    0.7726075053215027,
    0.7727629542350769,
    0.7727587819099426,
    0.7727401256561279,
    0.7727301716804504,
    0.7725241184234619,
    0.7723663449287415,
    0.7722355127334595,
    0.7721816301345825,
    0.77208411693573,
    0.7718693017959595,
    0.7716206908226013,
    0.7713550925254822,
    0.7712012529373169,
    0.771075963973999,
    0.7708340287208557,
    0.7706329226493835,
    0.7704731822013855,
    0.7704445719718933,
    0.7703782916069031,
    0.7702272534370422,
    0.7700136303901672,
    0.7698175311088562,
    0.7696634531021118,
    0.7695879936218262,
    0.7691344618797302,
    0.7686368227005005,
    0.7682185173034668,
    0.7679425477981567,
    0.7677795886993408,
    0.7676075100898743,
    0.7676056623458862,
    0.7680137753486633,
    0.7687912583351135
  ],
  "convlstm": [
    0.30528154969215393,
    0.4395182132720947,
    0.500032365322113,
    0.5300297737121582,
    0.5479351878166199,
    0.5602800846099854,
    0.569945752620697,
    0.578354001045227,
    0.5865547060966492,
    0.595335066318512,
    0.6042121648788452,
    0.6119123697280884,
    0.6185640692710876,
    0.6246917843818665,
    0.6301571130752563,
    0.634580135345459,
    0.6387516260147095,
    0.6429053544998169,
    0.6472246050834656,
    0.6512429714202881,
    0.6548705697059631,
    0.6584440469741821,
    0.6623228192329407,
    0.6662408709526062,
    0.6701964139938354,
    0.6743086576461792,
    0.6787359118461609,
    0.6831728219985962,
    0.6871147155761719,
    0.6904141902923584,
    0.6932103633880615,
    0.6960554718971252,
    0.6991894841194153,
    0.7024986147880554,
    0.70583176612854,
    0.7091773152351379,
    0.7124875783920288,
    0.7155418992042542,
    0.7181635499000549,
    0.7206121683120728,
    0.7231282591819763,
    0.7254955768585205,
    0.7284243106842041,
    0.7318018078804016,
    0.7356298565864563,
    0.7390744686126709,
    0.7419533729553223,
    0.7448554039001465,
    0.7477945685386658
  ]
}