{
  "persistence": [
    0.3231000006198883,
    0.48802199959754944,
    0.575553834438324,
    0.6238207221031189,
    0.654125988483429,
    0.6741143465042114,
    0.6879980564117432,
    0.6984875202178955,
    0.7084741592407227,
    0.721218466758728,
    0.7353130578994751,
    0.7485933899879456,
    0.7603509426116943,
    0.7715044021606445,
    0.780204176902771,
    0.7857030630111694,
    0.7900860905647278,
    0.7952662110328674,
    0.8016123175621033,
    0.807736873626709,
    0.8134266138076782,
    0.818816602230072,
    0.8245591521263123,
    0.829562246799469,
    0.8336195349693298,
    0.8380866646766663,
    0.8442482948303223,
    0.8510172963142395,
    0.8566750288009644,
    0.8601885437965393,
    0.861532986164093,
    0.8620554804801941,
    0.863365113735199,
    0.8650233149528503,
    0.8672688603401184,
    0.8700874447822571,
    0.8731151223182678,
    0.8752127885818481,
    0.8761672973632812,
    0.8766709566116333,
    0.877071738243103,
    0.876958966255188,
    0.8779310584068298,
    0.881026566028595,
    0.8866657614707947,
    0.8913982510566711,
    0.8939850330352783,
    0.8956437706947327,
    0.8966944217681885
  ],
  "climatology": [
    0.771867036819458,
    0.7717912793159485,
    0.7715532779693604,
    0.7712268829345703,
    0.7709185481071472,
    0.7707390189170837,
    0.7706962823867798,
    0.7708373665809631,
    0.7711299657821655,
    0.7716959714889526,
    0.7724746465682983,
    0.7728930115699768,
    0.772824227809906,
    0.7726689577102661,
    0.7725903987884521,
    0.7726075053215027,
    0.7727629542350769,
    0.7727587819099426,
    0.7727401256561279,
    0.7727301716804504,
    0.7725241184234619,
    0.7723663449287415,
    0.7722355127334595,
    0.7721816301345825,
    0.77208411693573,
    0.7718693017959595,
    0.7716206908226013,
    0.7713550925254822,
    0.7712012529373169,
    0.771075963973999,
    0.7708340287208557,
    0.7706329226493835,
    0.7704731822013855,
    0.7704445719718933,
    0.7703782916069031,
    0.7702272534370422,
    0.7700136303901672,
    0.7698175311088562,
    0.7696634531021118,
    0.7695879936218262,
    0.7691344618797302,
    0.7686368227005005,
    0.7682185173034668,
    0.7679425477981567,
    0.7677795886993408,
    0.7676075100898743,
    0.7676056623458862,
    0.7680137753486633,
    0.7687912583351135
  ],
  "patch_transformer": [
    0.32642364501953125,
    0.45334944128990173,
    0.5135825276374817,
    0.5439536571502686,
    0.5627209544181824,
    0.5757132172584534,
    0.5856164693832397,
    0.594306468963623,
    0.6031032204627991,
    0.6126039624214172,
    0.6218981742858887,
    0.6299150586128235,
    0.6368470788002014,
    0.6431708931922913,
    0.6482548117637634,
    0.6520072221755981,
    0.6551741361618042,
    0.6581985354423523,
    0.661286473274231,
    0.664354145526886,
    0.6673634052276611,
    0.6706103682518005,
    0.6743466258049011,
    0.6784266233444214,
    0.6827542185783386,
    0.6875128149986267,
    0.6927955746650696,
    0.6983057260513306,
    0.7035653591156006,
    0.7081993222236633,
    0.7123061418533325,
    0.7164923548698425,
    0.7209479808807373,
    0.7255629301071167,
    0.7305185794830322,
    0.7354663610458374,
    0.7404135465621948,
    0.7453044652938843,
    0.7501397132873535,
    0.7553030848503113,
    0.7605587244033813,
    0.7656060457229614,
    0.7706550359725952,
    0.7758747339248657,
    0.7814133763313293,
    0.7869428992271423,
    0.7922266721725464,
    0.7972210645675659,
    0.8018900156021118
  ]
}