{
  "epochs_trained": 6,
  "best_val_loss": 0.6821478581428528,
  "mean_rmse": {
    "model": 0.5141685605049133
  },
  "rmse_per_step": {
    "day_1": 0.3342748284339905,
    "day_2": 0.4620705246925354,
    "day_3": 0.5208211541175842,
    "day_4": 0.5489031672477722,
    "day_5": 0.5662663578987122,
    "day_6": 0.5787872672080994,
    "day_7": 0.5880564451217651
  }
}