{
  "epochs_trained": 6,
  "best_val_loss": 1.2571436777114868,
  "mean_rmse": {
    "model": 0.6710363626480103
  },
  "rmse_per_step": {
    "day_1": 0.6544191837310791,
    "day_2": 0.666285514831543,
    "day_3": 0.674161434173584,
    "day_4": 0.6767392754554749,
    "day_5": 0.6753804087638855,
    "day_6": 0.6747390031814575,
    "day_7": 0.6755301356315613
  }
}