{
  "epochs_trained": 15,
  "best_val_loss": 0.865791718936661,
  "mean_rmse": {
    "model": 0.6167274713516235,
    "persistence": 0.5806808471679688,
    "skill": -0.06207648204595917
  },
  "rmse_per_step": {
    "day_1": {
      "model": 0.5964060425758362,
      "persistence": 0.32529908418655396,
      "skill": -0.8334083557128906
    },
    "day_2": {
      "model": 0.6052717566490173,
      "persistence": 0.4916379451751709,
      "skill": -0.2311331033706665
    },
    "day_3": {
      "model": 0.6128467321395874,
      "persistence": 0.5803226828575134,
      "skill": -0.056044816970825195
    },
    "day_4": {
      "model": 0.6188616752624512,
      "persistence": 0.6293068528175354,
      "skill": 0.0165979266166687
    },
    "day_5": {
      "model": 0.6235590577125549,
      "persistence": 0.6601645946502686,
      "skill": 0.05544912815093994
    },
    "day_6": {
      "model": 0.6280705332756042,
      "persistence": 0.6813382506370544,
      "skill": 0.07818102836608887
    },
    "day_7": {
      "model": 0.632076621055603,
      "persistence": 0.6966967582702637,
      "skill": 0.09275215864181519
    }
  }
}