{
  "model_type": "lstm",
  "context_len": 90,
  "horizon": 7,
  "batch_size": 16,
  "hidden_size": 128,
  "d_spatial": 64,
  "num_layers": 1,
  "dropout": 0.3307689432639139,
  "anomaly_alpha": 0.19737738732010346,
  "num_epochs": 50,
  "early_stop_patience": 5,
  "learning_rate": 0.0003203913722293045,
  "weight_decay": 0.0001,
  "grad_clip": 1.0,
  "lr_factor": 0.42982025747190833,
  "lr_patience": 5,
  "random_seed": 42,
  "optuna_trial": 7
}