{
  "epochs_trained": 6,
  "best_val_loss": 0.6809249123334885,
  "mean_rmse": {
    "model": 0.5015648603439331
  },
  "rmse_per_step": {
    "day_1": 0.3102787137031555,
    "day_2": 0.4464847445487976,
    "day_3": 0.5093690156936646,
    "day_4": 0.5385114550590515,
    "day_5": 0.5568723678588867,
    "day_6": 0.5694389343261719,
    "day_7": 0.5799989104270935
  }
}