{
  "epochs_trained": 14,
  "best_val_loss": 0.559574239730835,
  "mean_rmse": {
    "model": 0.5019310116767883
  },
  "rmse_per_step": {
    "day_1": 0.3099275231361389,
    "day_2": 0.44754359126091003,
    "day_3": 0.5096970796585083,
    "day_4": 0.5394960641860962,
    "day_5": 0.5571495294570923,
    "day_6": 0.5695935487747192,
    "day_7": 0.5801097750663757
  }
}