{
  "epochs_trained": 17,
  "best_val_loss": 0.6148901224136353,
  "mean_rmse": {
    "model": 0.5111638903617859
  },
  "rmse_per_step": {
    "day_1": 0.3294747471809387,
    "day_2": 0.45680099725723267,
    "day_3": 0.5157633423805237,
    "day_4": 0.5460014939308167,
    "day_5": 0.564744770526886,
    "day_6": 0.5779200792312622,
    "day_7": 0.5874418020248413
  }
}