{
  "tubelet": {
    "model": "tubelet",
    "n_seeds": 3,
    "seeds": [
      1,
      2,
      3
    ],
    "max_horizon": 30,
    "rmse_per_day_mean": [
      0.3213801681995392,
      0.47013569871584576,
      0.5564065178235372,
      0.6207190752029419,
      0.679121712843577,
      0.7340602278709412,
      0.7828007340431213,
      0.8255003492037455,
      0.8635680874188741,
      0.8979285558064779,
      0.9293712774912516,
      0.9574112296104431,
      0.9834797581036886,
      1.0089978575706482,
      1.0333822965621948,
      1.0557188789049785,
      1.0767256021499634,
      1.0968863566716511,
      1.1160989999771118,
      1.1334713697433472,
      1.1482035319010417,
      1.161005179087321,
      1.1733245849609375,
      1.1848133007685344,
      1.1954335769017537,
      1.2049415508906047,
      1.214779535929362,
      1.2260213295618694,
      1.2379551728566487,
      1.2488415241241455
    ],
    "rmse_per_day_std": [
      0.006021336640028663,
      0.010566386256491629,
      0.0170814582928526,
      0.0204132035256533,
      0.022955592324783915,
      0.031095857568616,
      0.04288086305777303,
      0.05352019618239182,
      0.06106206765897277,
      0.06611042360022351,
      0.06970939901501812,
      0.07317938699272525,
      0.0769277381107893,
      0.0819057883038353,
      0.08890198142631645,
      0.09872510558529812,
      0.11059679860362187,
      0.12342552284218743,
      0.13594448305059328,
      0.14805988587968882,
      0.15926823369054474,
      0.16929862868564027,
      0.17644481194163877,
      0.18072920663156503,
      0.1826899465514432,
      0.18398189364986708,
      0.18421497151459948,
      0.1833056799884107,
      0.18211276728423498,
      0.1811061730779111
    ],
    "skill_per_day_mean": [
      0.5883476476210064,
      0.3973906559674223,
      0.28638568032611206,
      0.20342018863770883,
      0.12787759342462354,
      0.05646122672504857,
      -0.007086758481074762,
      -0.06291452312406383,
      -0.11253037331608562,
      -0.15729737755163553,
      -0.19839890291062354,
      -0.2353471342909282,
      -0.26991683789965765,
      -0.3039296187231513,
      -0.33623101034385144,
      -0.36535612850107474,
      -0.39260582367994307,
      -0.41907937106476906,
      -0.44416895380966065,
      -0.46665415178982533,
      -0.48593215753062663,
      -0.5031809082123695,
      -0.5201170062101633,
      -0.535580516822023,
      -0.5494859601214843,
      -0.5619179172413434,
      -0.5747822023075242,
      -0.5893746851104956,
      -0.604050853512648,
      -0.6166032949193554
    ],
    "skill_per_day_std": [
      0.0077126644317226,
      0.013543755788406487,
      0.021907675140782183,
      0.026196626563230026,
      0.029479379092190873,
      0.03996967304620538,
      0.0551669760894024,
      0.06891262233575711,
      0.07866595109036019,
      0.08520657837042411,
      0.08988836789497506,
      0.09442331906574071,
      0.09933283234704547,
      0.10584698719913901,
      0.11495608629841426,
      0.1276807023547932,
      0.14304270791762083,
      0.15967981756989097,
      0.17590446892918693,
      0.19158194210775997,
      0.2061148424809757,
      0.2191949450448137,
      0.22859553334848826,
      0.2342345822283692,
      0.23679735345100658,
      0.23848842786384106,
      0.2388074954834008,
      0.23763159774280543,
      0.2359682694517516,
      0.23443874220415625
    ],
    "useful_horizon_mean": 6.666666666666667,
    "useful_horizon_std": 0.5773502691896258,
    "useful_horizon_per_seed": [
      7,
      7,
      6
    ],
    "persistence_rmse": [
      0.3246035873889923,
      0.4901482164859772,
      0.5780498385429382,
      0.6266493797302246,
      0.6573237776756287,
      0.6779382824897766,
      0.6923603415489197,
      0.7030495405197144,
      0.7132357358932495,
      0.7260032296180725,
      0.7398725152015686,
      0.7529112696647644,
      0.7647343873977661,
      0.7762352228164673,
      0.7854337096214294,
      0.7914890050888062,
      0.7962791323661804,
      0.8016039729118347,
      0.8080365657806396,
      0.8143298029899597,
      0.820212721824646,
      0.8257380127906799,
      0.8315378427505493,
      0.8368907570838928,
      0.841395914554596,
      0.8461222052574158,
      0.852154016494751,
      0.8585532903671265,
      0.8641115427017212,
      0.8678975701332092
    ],
    "climatology_rmse": [
      0.7807077169418335,
      0.7801666259765625,
      0.7797020077705383,
      0.7792302370071411,
      0.7786999940872192,
      0.7779862880706787,
      0.7772922515869141,
      0.7766385078430176,
      0.7762197852134705,
      0.7758840322494507,
      0.7755107879638672,
      0.7750139236450195,
      0.7744442224502563,
      0.7738131284713745,
      0.773356020450592,
      0.7732186913490295,
      0.7731732726097107,
      0.7729563117027283,
      0.7728313207626343,
      0.7728279829025269,
      0.7727159857749939,
      0.7723655700683594,
      0.771864652633667,
      0.771573543548584,
      0.7715033292770386,
      0.7714499831199646,
      0.7713952660560608,
      0.7713859677314758,
      0.7717680335044861,
      0.7725095748901367
    ]
  },
  "patch_transformer": {
    "model": "patch_transformer",
    "n_seeds": 3,
    "seeds": [
      1,
      2,
      3
    ],
    "max_horizon": 30,
    "rmse_per_day_mean": [
      0.3283946017424266,
      0.4669795234998067,
      0.5405516028404236,
      0.5880058209101359,
      0.626374085744222,
      0.6605515082677206,
      0.6920324961344401,
      0.7220358848571777,
      0.7519370516141256,
      0.7818219065666199,
      0.81054159005483,
      0.837415079275767,
      0.862731913725535,
      0.8867071668306986,
      0.9084210991859436,
      0.9276740153630575,
      0.9451856811841329,
      0.9617300033569336,
      0.9774427612622579,
      0.9919737974802653,
      1.0054031411806743,
      1.018152932325999,
      1.0305407444636028,
      1.0424972772598267,
      1.053655982017517,
      1.064377248287201,
      1.0749826232592266,
      1.0852275689442952,
      1.0947791735331218,
      1.1034428477287292
    ],
    "rmse_per_day_std": [
      0.0017237276577339899,
      0.006290975643046317,
      0.0159827298025528,
      0.030675594276534705,
      0.04931105212454656,
      0.07093762660682307,
      0.09430664917393033,
      0.11858245668617988,
      0.14284722771374217,
      0.1667308806466282,
      0.18974217242004898,
      0.2113510945328828,
      0.23149476419975978,
      0.24996615942096034,
      0.26702790700616447,
      0.2829640971576669,
      0.29750212778739815,
      0.310532839046757,
      0.32204266715748875,
      0.3321249817503284,
      0.3410138114500974,
      0.3483804092481861,
      0.3537826542228413,
      0.35720502431287454,
      0.35907558232385645,
      0.3593286905045577,
      0.3579524561984543,
      0.3552668111904098,
      0.3517557802032112,
      0.34786816702601414
    ],
    "skill_per_day_mean": [
      0.5793629361974225,
      0.4014361702344397,
      0.3067202630578518,
      0.24540168876333368,
      0.19561565365304956,
      0.1509471074280546,
      0.1096881581907041,
      0.07030635544648622,
      0.031283322149108596,
      -0.007653043586879867,
      -0.04517126342360426,
      -0.08051617361564871,
      -0.11400135570247553,
      -0.14589315456864904,
      -0.17464799544284473,
      -0.19975632475276914,
      -0.2224758856366368,
      -0.24422297715424554,
      -0.26475562649002365,
      -0.2835635088609081,
      -0.3011289525378555,
      -0.3182267203286726,
      -0.33513141319182216,
      -0.35113144557189363,
      -0.36571799762015095,
      -0.3797099897294114,
      -0.3935561579932001,
      -0.4068541746173812,
      -0.41853397135650877,
      -0.4283872764757078
    ],