{
  "model": "patch_transformer",
  "n_seeds": 3,
  "seeds": [
    1,
    2,
    3
  ],
  "n_params": 712821,
  "epochs_trained": [
    24,
    18,
    10
  ],
  "rmse_per_day_mean": [
    0.3292288581530253,
    0.45543086528778076,
    0.5155956943829855,
    0.545993983745575,
    0.5647231141726176,
    0.5775460998217264,
    0.587144156297048
  ],
  "rmse_per_day_std": [
    0.001795149031881092,
    0.0009436034996581791,
    0.001489951983392503,
    0.0019291536392499376,
    0.002230089310445451,
    0.0024204092517558255,
    0.0024485645765483766
  ],
  "skill_per_day_mean": [
    -0.012080510457356771,
    0.07364583015441895,
    0.11153622468312581,
    0.13238831361134848,
    0.14457225799560547,
    0.15233570337295532,
    0.15724573532740274
  ],
  "skill_per_day_std": [
    0.00551850451653939,
    0.0019192875347051155,
    0.002567451922643481,
    0.0030655323978837873,
    0.003378074349997131,
    0.003552448044969626,
    0.0035145369782416166
  ],
  "mean_rmse_mean": 0.5108089645703634,
  "mean_rmse_std": 0.0013788675515473484,
  "mean_skill_mean": 0.1085205078125,
  "mean_skill_std": 0.0020321988562342305
}