{
  "model": "tubelet",
  "n_seeds": 3,
  "seeds": [
    1,
    2,
    3
  ],
  "n_params": 1440647,
  "epochs_trained": [
    11,
    10,
    18
  ],
  "rmse_per_day_mean": [
    0.3223304847876231,
    0.4482373495896657,
    0.5081558624903361,
    0.5383824308713278,
    0.5570493936538696,
    0.570466140906016,
    0.5811590154965719
  ],
  "rmse_per_day_std": [
    0.006072804309408548,
    0.0032739879902396697,
    0.001968941768330528,
    0.0012937150517376512,
    0.0007562443663201217,
    0.0002986432857082504,
    0.0003641947850407292
  ],
  "skill_per_day_mean": [
    0.009125729401906332,
    0.08827753861745198,
    0.12435634930928548,
    0.14448346694310507,
    0.15619619687398276,
    0.16272697846094766,
    0.1658364733060201
  ],
  "skill_per_day_std": [
    0.018668377548908772,
    0.00665935478323158,
    0.0033928285168552097,
    0.0020557744034202965,
    0.0011455241783172288,
    0.00043833010318763293,
    0.0005227477149183429
  ],
  "mean_rmse_mean": 0.5036829511324564,
  "mean_rmse_std": 0.0019146529508581552,
  "mean_skill_mean": 0.12157181898752849,
  "mean_skill_std": 0.004565554733568409
}