{
  "epochs_trained": 26,
  "best_val_loss": 0.5685190886259079,
  "mean_rmse": {
    "model": 0.5025914907455444
  },
  "rmse_per_step": {
    "day_1": 0.3118390142917633,
    "day_2": 0.44961386919021606,
    "day_3": 0.5111055970191956,
    "day_4": 0.5398778319358826,
    "day_5": 0.5570003986358643,
    "day_6": 0.5692258477210999,
    "day_7": 0.5794779062271118
  }
}