epoch,train_mse,val_mse,lr,elapsed_s
1,1.4125883355736732,1.1018111258745193,0.001,3.4456393599975854
2,1.059205375611782,1.1032360196113586,0.001,6.77150893304497
