{
  "epochs_trained": 12,
  "best_val_loss": 1.168243311882019,
  "mean_rmse": {
    "model": 0.6762710213661194
  },
  "rmse_per_step": {
    "day_1": 0.6677454710006714,
    "day_2": 0.6707452535629272,
    "day_3": 0.674180805683136,
    "day_4": 0.6774327754974365,
    "day_5": 0.6787067651748657,
    "day_6": 0.680993378162384,
    "day_7": 0.6840922832489014
  }
}