{
  "epochs_trained": 6,
  "best_val_loss": 0.68226802110672,
  "mean_rmse": {
    "model": 0.5186585187911987
  },
  "rmse_per_step": {
    "day_1": 0.34898823499679565,
    "day_2": 0.4649963974952698,
    "day_3": 0.5228986740112305,
    "day_4": 0.5517178773880005,
    "day_5": 0.5694889426231384,
    "day_6": 0.5816442370414734,
    "day_7": 0.5908750891685486
  }
}