{
  "epochs_trained": 6,
  "best_val_loss": 0.6603005596399307,
  "mean_rmse": {
    "model": 0.497540682554245
  },
  "rmse_per_step": {
    "day_1": 0.3059754967689514,
    "day_2": 0.4417527914047241,
    "day_3": 0.5045008659362793,
    "day_4": 0.5347317457199097,
    "day_5": 0.5527476072311401,
    "day_6": 0.5662146806716919,
    "day_7": 0.5768612623214722
  }
}