{
  "epochs_trained": 8,
  "best_val_loss": 0.9714599316120147,
  "mean_rmse": {
    "model": 0.6500248908996582
  },
  "rmse_per_step": {
    "day_1": 0.6401625871658325,
    "day_2": 0.646226704120636,
    "day_3": 0.6475027203559875,
    "day_4": 0.6486322283744812,
    "day_5": 0.6521726846694946,
    "day_6": 0.6570279598236084,
    "day_7": 0.6584494113922119
  }
}