{
  "epochs_trained": 6,
  "best_val_loss": 1.31861953496933,
  "mean_rmse": {
    "model": 0.6565366983413696
  },
  "rmse_per_step": {
    "day_1": 0.6547414064407349,
    "day_2": 0.6468286514282227,
    "day_3": 0.6542632579803467,
    "day_4": 0.6589837670326233,
    "day_5": 0.6567593812942505,
    "day_6": 0.6597505211830139,
    "day_7": 0.6644300818443298
  }
}