{
  "model_type": "lstm",
  "context_len": 90,
  "horizon": 7,
  "batch_size": 16,
  "hidden_size": 64,
  "d_spatial": 64,
  "num_layers": 1,
  "dropout": 0.23366475107128326,
  "anomaly_alpha": 0.058245828039608386,
  "num_epochs": 50,
  "early_stop_patience": 5,
  "learning_rate": 0.00010636066512540289,
  "weight_decay": 0.0001,
  "grad_clip": 1.0,
  "lr_factor": 0.5727780074568464,
  "lr_patience": 5,
  "random_seed": 42,
  "optuna_trial": 2
}