{
  "epochs_trained": 11,
  "best_val_loss": 0.9060226864814759,
  "mean_rmse": {
    "model": 0.6143634915351868
  },
  "rmse_per_step": {
    "day_1": 0.5946204662322998,
    "day_2": 0.6027461886405945,
    "day_3": 0.6100561022758484,
    "day_4": 0.6158113479614258,
    "day_5": 0.6206329464912415,
    "day_6": 0.625586748123169,
    "day_7": 0.6310903429985046
  }
}