{
  "epochs_trained": 13,
  "best_val_loss": 0.5875545911788941,
  "mean_rmse": {
    "model": 0.5011554956436157
  },
  "rmse_per_step": {
    "day_1": 0.3175577223300934,
    "day_2": 0.4452846944332123,
    "day_3": 0.505730390548706,
    "day_4": 0.536603569984436,
    "day_5": 0.5552671551704407,
    "day_6": 0.5685458183288574,
    "day_7": 0.5790992379188538
  }
}