{
  "model_type": "convlstm",
  "context_len": 90,
  "horizon": 7,
  "batch_size": 4,
  "hidden_dim": 64,
  "n_layers": 3,
  "hidden_channels": [
    64,
    64,
    64
  ],
  "kernel_size": 3,
  "dropout": 0.2126406981655034,
  "anomaly_alpha": 0.013010318597055905,
  "num_epochs": 50,
  "early_stop_patience": 5,
  "learning_rate": 0.00023993242906812716,
  "weight_decay": 0.0001,
  "grad_clip": 1.0,
  "lr_factor": 0.4682096494749166,
  "lr_patience": 5,
  "random_seed": 42,
  "optuna_trial": 3
}