{
  "epochs_trained": 16,
  "best_val_loss": 0.5492841005325317,
  "mean_rmse": {
    "model": 0.505734920501709,
    "persistence": 0.5806808471679688,
    "skill": 0.12906560812497536
  },
  "mean_mae": {
    "model": 0.3935360014438629,
    "persistence": 0.4447568356990814,
    "skill": 0.11516592920872848
  },
  "rmse_per_step": {
    "day_1": {
      "model": 0.3319631814956665,
      "persistence": 0.32529908418655396,
      "skill": -0.020486116409301758
    },
    "day_2": {
      "model": 0.4503568112850189,
      "persistence": 0.4916379451751709,
      "skill": 0.08396655321121216
    },
    "day_3": {
      "model": 0.5087606906890869,
      "persistence": 0.5803226828575134,
      "skill": 0.12331414222717285
    },
    "day_4": {
      "model": 0.5387329459190369,
      "persistence": 0.6293068528175354,
      "skill": 0.1439264416694641
    },
    "day_5": {
      "model": 0.5574599504470825,
      "persistence": 0.6601645946502686,
      "skill": 0.15557432174682617
    },
    "day_6": {
      "model": 0.5710522532463074,
      "persistence": 0.6813382506370544,
      "skill": 0.16186672449111938
    },
    "day_7": {
      "model": 0.5818182229995728,
      "persistence": 0.6966967582702637,
      "skill": 0.16489028930664062
    }
  }
}