{
  "epochs_trained": 6,
  "best_val_loss": 1.010745263338089,
  "mean_rmse": {
    "model": 0.6361479163169861
  },
  "rmse_per_step": {
    "day_1": 0.6284958720207214,
    "day_2": 0.631686806678772,
    "day_3": 0.6342920660972595,
    "day_4": 0.6368303298950195,
    "day_5": 0.6386133432388306,
    "day_6": 0.6407911777496338,
    "day_7": 0.6423254609107971
  }
}