{
  "epochs_trained": 7,
  "best_val_loss": 0.6077787550091743,
  "mean_rmse": {
    "model": 0.4987650513648987
  },
  "rmse_per_step": {
    "day_1": 0.31750282645225525,
    "day_2": 0.444509357213974,
    "day_3": 0.5043045282363892,
    "day_4": 0.5334638357162476,
    "day_5": 0.5513752698898315,
    "day_6": 0.5646617412567139,
    "day_7": 0.5755378007888794
  }
}