{
  "epochs_trained": 20,
  "best_val_loss": 0.5493121900558472,
  "mean_rmse": {
    "model": 0.5060827136039734,
    "persistence": 0.5806808471679688,
    "skill": 0.12846666792579264
  },
  "mean_mae": {
    "model": 0.3929138481616974,
    "persistence": 0.4447568356990814,
    "skill": 0.11656479086127092
  },
  "rmse_per_step": {
    "day_1": {
      "model": 0.32685065269470215,
      "persistence": 0.32529908418655396,
      "skill": -0.004769682884216309
    },
    "day_2": {
      "model": 0.4508554935455322,
      "persistence": 0.4916379451751709,
      "skill": 0.08295220136642456
    },
    "day_3": {
      "model": 0.5106655955314636,
      "persistence": 0.5803226828575134,
      "skill": 0.12003165483474731
    },
    "day_4": {
      "model": 0.5404625535011292,
      "persistence": 0.6293068528175354,
      "skill": 0.14117801189422607
    },
    "day_5": {
      "model": 0.5589028000831604,
      "persistence": 0.6601645946502686,
      "skill": 0.15338867902755737
    },
    "day_6": {
      "model": 0.5722252726554871,
      "persistence": 0.6813382506370544,
      "skill": 0.160145103931427
    },
    "day_7": {
      "model": 0.5826168060302734,
      "persistence": 0.6966967582702637,
      "skill": 0.1637440323829651
    }
  }
}