{
  "epochs_trained": 6,
  "best_val_loss": 0.9660564489364624,
  "mean_rmse": {
    "model": 0.6042503714561462
  },
  "rmse_per_step": {
    "day_1": 0.5796386003494263,
    "day_2": 0.5890710949897766,
    "day_3": 0.597990095615387,
    "day_4": 0.6062137484550476,
    "day_5": 0.6130486130714417,
    "day_6": 0.6189185976982117,
    "day_7": 0.6248717308044434
  }
}