{
  "epochs_trained": 7,
  "best_val_loss": 0.6506509022712708,
  "mean_rmse": {
    "model": 0.5050032734870911
  },
  "rmse_per_step": {
    "day_1": 0.3285142183303833,
    "day_2": 0.45213285088539124,
    "day_3": 0.5112492442131042,
    "day_4": 0.5399150252342224,
    "day_5": 0.5559108257293701,
    "day_6": 0.5683345794677734,
    "day_7": 0.5789658427238464
  }
}