{
  "train": [
    0.6400987361279599,
    0.5918704219355289,
    0.5853449520688503,
    0.5802822221482999,
    0.5795510632619711,
    0.5794000022952764,
    0.5782273583640428,
    0.5766321912039623,
    0.5759715002829705,
    0.5766344405862928,
    0.5749299434296559,
    0.5742663542487598,
    0.5735866819450562,
    0.5734670131638904,
    0.5729987947340952,
    0.5717019182764898,
    0.5714043066366611,
    0.5702862684934096
  ],
  "val": [
    0.6889342460632324,
    0.6677023410797119,
    0.640883231639862,
    0.6422330074310303,
    0.6493850078582764,
    0.6509591946601868,
    0.6521311836242676,
    0.6331925723552704,
    0.6543379013538361,
    0.6608421533107758,
    0.6441724488735199,
    0.633020310640335,
    0.631282339334488,
    0.6619736380577087,
    0.6486322033405304,
    0.6317928750514984,
    0.6333306221961975,
    0.6383481838703156
  ]
}