{
  "model_type": "patch_transformer",
  "n_params": 712821,
  "epochs_trained": 18,
  "mean_rmse": 0.5104852914810181,
  "mean_skill": 0.10949727147817612,
  "bic": -8809749.744665897,
  "rmse_steps": [
    0.3275512456893921,
    0.45439475774765015,
    0.5147624015808105,
    0.5458347201347351,
    0.5650904774665833,
    0.5781471729278564,
    0.5876162052154541
  ],
  "pers_rmse_steps": [
    0.32529908418655396,
    0.4916379451751709,
    0.5803226828575134,
    0.6293068528175354,
    0.6601645946502686,
    0.6813382506370544,
    0.6966967582702637
  ],
  "skill_steps": [
    -0.006923317909240723,
    0.07575327157974243,
    0.11297214031219482,
    0.13264137506484985,
    0.14401578903198242,
    0.15145349502563477,
    0.15656816959381104
  ],
  "example_idx": 100,
  "example_date": "1999-07-10"
}