{
  "epochs_trained": 7,
  "best_val_loss": 0.6553209333419799,
  "mean_rmse": {
    "model": 0.5123799443244934
  },
  "rmse_per_step": {
    "day_1": 0.3304823040962219,
    "day_2": 0.45611363649368286,
    "day_3": 0.5163774490356445,
    "day_4": 0.5476746559143066,
    "day_5": 0.5668602585792542,
    "day_6": 0.5799773931503296,
    "day_7": 0.5891740918159485
  }
}