{
  "train": [
    0.7467825313815116,
    0.5959066865879823,
    0.55156481102483,
    0.5215150758110844,
    0.501566308415523,
    0.48709216426842683,
    0.4758572399233491,
    0.46213050158507724,
    0.44096251925528573
  ],
  "val": [
    0.863200811624527,
    0.8215825567245484,
    0.8811114437580109,
    0.8041593034267426,
    0.8242060604095459,
    0.8271263766288758,
    0.878109103679657,
    0.8733791627883911,
    0.8657478828430176
  ]
}