{
  "model_type": "transformer",
  "n_params": 21328639,
  "epochs_trained": 9,
  "mean_rmse": 0.6101700663566589,
  "mean_skill": -0.11038853228092194,
  "bic": 360915157.3215349,
  "rmse_steps": [
    0.5799221992492676,
    0.5917707085609436,
    0.6029722690582275,
    0.6128345131874084,
    0.6216816306114197,
    0.6284404397010803,
    0.6335688233375549
  ],
  "pers_rmse_steps": [
    0.32529908418655396,
    0.4916379451751709,
    0.5803226828575134,
    0.6293068528175354,
    0.6601645946502686,
    0.6813382506370544,
    0.6966967582702637
  ],
  "skill_steps": [
    -0.7827354669570923,
    -0.20367181301116943,
    -0.03902924060821533,
    0.026175379753112793,
    0.05829298496246338,
    0.07763808965682983,
    0.0906103253364563
  ],
  "example_idx": 100,
  "example_date": "1999-07-10"
}