{
  "epochs_trained": 9,
  "best_val_loss": 0.6057131125926971,
  "mean_rmse": {
    "model": 0.5030869841575623
  },
  "rmse_per_step": {
    "day_1": 0.3236139118671417,
    "day_2": 0.4467655420303345,
    "day_3": 0.5068804621696472,
    "day_4": 0.5376884937286377,
    "day_5": 0.5563485622406006,
    "day_6": 0.569775402545929,
    "day_7": 0.5805367231369019
  }
}