{
  "epochs_trained": 9,
  "best_val_loss": 1.2844100570678711,
  "mean_rmse": {
    "model": 0.5145562291145325,
    "persistence": 0.5806808471679688,
    "skill": 0.11387428804640587
  },
  "mean_mae": {
    "model": 0.4008532762527466,
    "persistence": 0.4447568356990814,
    "skill": 0.09871362488971303
  },
  "rmse_per_step": {
    "day_1": {
      "model": 0.3377203345298767,
      "persistence": 0.32529908418655396,
      "skill": -0.03818404674530029
    },
    "day_2": {
      "model": 0.4598904848098755,
      "persistence": 0.4916379451751709,
      "skill": 0.06457489728927612
    },
    "day_3": {
      "model": 0.5197898149490356,
      "persistence": 0.5803226828575134,
      "skill": 0.10430896282196045
    },
    "day_4": {
      "model": 0.547588050365448,
      "persistence": 0.6293068528175354,
      "skill": 0.12985527515411377
    },
    "day_5": {
      "model": 0.5656964182853699,
      "persistence": 0.6601645946502686,
      "skill": 0.14309793710708618
    },
    "day_6": {
      "model": 0.579549252986908,
      "persistence": 0.6813382506370544,
      "skill": 0.14939570426940918
    },
    "day_7": {
      "model": 0.591658890247345,
      "persistence": 0.6966967582702637,
      "skill": 0.1507655382156372
    }
  }
}