{
  "epochs_trained": 6,
  "best_val_loss": 0.8514839959144592,
  "mean_rmse": {
    "model": 0.599031388759613
  },
  "rmse_per_step": {
    "day_1": 0.5476728677749634,
    "day_2": 0.5758416652679443,
    "day_3": 0.5932644605636597,
    "day_4": 0.6049476265907288,
    "day_5": 0.6151942014694214,
    "day_6": 0.6241309642791748,
    "day_7": 0.6321680545806885
  }
}