{
  "epochs_trained": 10,
  "best_val_loss": 0.6014676370620727,
  "mean_rmse": {
    "model": 0.5048812031745911
  },
  "rmse_per_step": {
    "day_1": 0.32216691970825195,
    "day_2": 0.4473883807659149,
    "day_3": 0.5083918571472168,
    "day_4": 0.5400733947753906,
    "day_5": 0.5592936873435974,
    "day_6": 0.5730680823326111,
    "day_7": 0.5837859511375427
  }
}