{
  "epochs_trained": 6,
  "best_val_loss": 0.6775215417742729,
  "mean_rmse": {
    "model": 0.502780556678772
  },
  "rmse_per_step": {
    "day_1": 0.31378260254859924,
    "day_2": 0.4481893479824066,
    "day_3": 0.5103752613067627,
    "day_4": 0.5400509238243103,
    "day_5": 0.557671308517456,
    "day_6": 0.5695293545722961,
    "day_7": 0.5798653364181519
  }
}