{
  "epochs_trained": 6,
  "best_val_loss": 1.3158668050765991,
  "mean_rmse": {
    "model": 0.6602474451065063
  },
  "rmse_per_step": {
    "day_1": 0.6536785960197449,
    "day_2": 0.6546707153320312,
    "day_3": 0.6573851704597473,
    "day_4": 0.6646206974983215,
    "day_5": 0.6616018414497375,
    "day_6": 0.6644343733787537,
    "day_7": 0.6653408408164978
  }
}