{
  "epochs_trained": 11,
  "best_val_loss": 0.5752273986339569,
  "mean_rmse": {
    "model": 0.5024009943008423
  },
  "rmse_per_step": {
    "day_1": 0.3081320524215698,
    "day_2": 0.4473002851009369,
    "day_3": 0.5105435252189636,
    "day_4": 0.5405352711677551,
    "day_5": 0.5584560036659241,
    "day_6": 0.5709338188171387,
    "day_7": 0.5809062719345093
  }
}