{
  "train": [
    0.9239830350128911,
    0.7788029411094711,
    0.7279385229589689,
    0.6922647293311285,
    0.672073818988247,
    0.6551693174759686,
    0.6430381506791628
  ],
  "val": [
    1.141285529613495,
    1.117043803215027,
    1.1591358804702758,
    1.183617136478424,
    1.1203615336418151,
    1.165952184200287,
    1.139131426334381
  ]
}