{
  "model_type": "informer",
  "n_params": 11215177,
  "epochs_trained": 7,
  "mean_rmse": 0.6290436387062073,
  "mean_skill": -0.14822562038898468,
  "bic": 187332146.18651682,
  "rmse_steps": [
    0.6099007725715637,
    0.6180033683776855,
    0.6240465641021729,
    0.6310127973556519,
    0.6362400650978088,
    0.6401996612548828,
    0.6439024209976196
  ],
  "pers_rmse_steps": [
    0.32529908418655396,
    0.4916379451751709,
    0.5803226828575134,
    0.6293068528175354,
    0.6601645946502686,
    0.6813382506370544,
    0.6966967582702637
  ],
  "skill_steps": [
    -0.8748923540115356,
    -0.2570294141769409,
    -0.07534408569335938,
    -0.0027108192443847656,
    0.036240220069885254,
    0.060379087924957275,
    0.075778067111969
  ],
  "example_idx": 100,
  "example_date": "1999-07-10"
}