{
  "epochs_trained": 13,
  "best_val_loss": 0.5421642446815967,
  "mean_rmse": {
    "model": 0.49909430742263794
  },
  "rmse_per_step": {
    "day_1": 0.30709436535835266,
    "day_2": 0.44300711154937744,
    "day_3": 0.506155788898468,
    "day_4": 0.5368592739105225,
    "day_5": 0.5549812316894531,
    "day_6": 0.5676276087760925,
    "day_7": 0.577934741973877
  }
}