{
  "train": [
    0.6371089683174739,
    0.5938436445570057,
    0.5844713401576382,
    0.58267319648965,
    0.5795362570750201,
    0.58007227599702,
    0.5773963971369043,
    0.5771835455984474,
    0.5770050855340789,
    0.5744138321516509
  ],
  "val": [
    0.6738197164535522,
    0.6467248232364654,
    0.6435226945877075,
    0.644243611574173,
    0.6366034772396088,
    0.6497452330589294,
    0.6437560744285583,
    0.7015995874404907,
    0.6450098376274109,
    0.6466495344638824
  ]
}