{
  "model_type": "patch_transformer",
  "n_params": 712821,
  "epochs_trained": 10,
  "mean_rmse": 0.512320876121521,
  "mean_skill": 0.10618434846401215,
  "bic": -8563409.764706248,
  "rmse_steps": [
    0.32901325821876526,
    0.4562408924102783,
    0.5173158645629883,
    0.5479978322982788,
    0.566746711730957,
    0.5796093344688416,
    0.5893223285675049
  ],
  "pers_rmse_steps": [
    0.32529908418655396,
    0.4916379451751709,
    0.5803226828575134,
    0.6293068528175354,
    0.6601645946502686,
    0.6813382506370544,
    0.6966967582702637
  ],
  "skill_steps": [
    -0.011417746543884277,
    0.0719982385635376,
    0.10857206583023071,
    0.12920409440994263,
    0.14150696992874146,
    0.1493074893951416,
    0.1541193127632141
  ],
  "example_idx": 100,
  "example_date": "1999-07-10"
}