{
  "epochs_trained": 24,
  "best_val_loss": 0.6233531265258789,
  "mean_rmse": {
    "model": 0.5066911578178406
  },
  "rmse_per_step": {
    "day_1": 0.32792603969573975,
    "day_2": 0.4517053961753845,
    "day_3": 0.5104227066040039,
    "day_4": 0.5406291484832764,
    "day_5": 0.5594528317451477,
    "day_6": 0.5729838609695435,
    "day_7": 0.5837184190750122
  }
}